query_id,reference_id
Q0000,
Q0001,
Q0002,
Q0003,
Q0004,
Q0005,
Q0006,
Q0007,
Q0008,
Q0009,
Q0010,
Q0011,
Q0012,
Q0013,
Q0014,
Q0015,
Q0016,
Q0017,R30885
Q0018,
Q0019,R32684
Q0020,
Q0021,
Q0022,
Q0023,
Q0024,
Q0025,R92291
Q0026,
Q0027,
Q0028,
Q0029,
Q0030,
Q0031,
Q0032,
Q0033,
Q0034,R39561
Q0035,
Q0036,R15680
Q0037,R68556
Q0038,
Q0039,
Q0040,
Q0041,
Q0042,
Q0043,
Q0044,R34318
Q0045,R50397
Q0046,
Q0047,
Q0048,R58367
Q0049,
Q0050,R68654
Q0051,
Q0052,R53746
Q0053,
Q0054,
Q0055,R33034
Q0056,
Q0057,
Q0058,
Q0059,
Q0060,R03513
Q0061,
Q0062,
Q0063,
Q0064,
Q0065,
Q0066,
Q0067,R42187
Q0068,
Q0069,
Q0070,
Q0071,R20619
Q0072,
Q0073,R74536
Q0074,
Q0075,
Q0076,
Q0077,
Q0078,
Q0079,
Q0080,
Q0081,
Q0082,
Q0083,
Q0084,R42364
Q0085,R48125
Q0086,
Q0087,
Q0088,R28169
Q0089,
Q0090,
Q0091,
Q0092,
Q0093,
Q0094,
Q0095,R08207
Q0096,
Q0097,
Q0098,
Q0099,
Q0100,
Q0101,
Q0102,
Q0103,
Q0104,
Q0105,
Q0106,
Q0107,
Q0108,
Q0109,R80994
Q0110,
Q0111,
Q0112,
Q0113,
Q0114,
Q0115,
Q0116,
Q0117,
Q0118,
Q0119,
Q0120,
Q0121,R33421
Q0122,R35682
Q0123,
Q0124,
Q0125,
Q0126,
Q0127,
Q0128,
Q0129,
Q0130,
Q0131,R56015
Q0132,
Q0133,
Q0134,
Q0135,
Q0136,
Q0137,R37989
Q0138,R29826
Q0139,
Q0140,
Q0141,
Q0142,
Q0143,
Q0144,
Q0145,
Q0146,
Q0147,
Q0148,
Q0149,R42137
Q0150,R18494
Q0151,
Q0152,
Q0153,
Q0154,R63271
Q0155,
Q0156,
Q0157,
Q0158,
Q0159,
Q0160,R48325
Q0161,
Q0162,
Q0163,
Q0164,R29529
Q0165,
Q0166,
Q0167,
Q0168,
Q0169,
Q0170,
Q0171,
Q0172,
Q0173,R29056
Q0174,
Q0175,
Q0176,R31536
Q0177,
Q0178,
Q0179,R61419
Q0180,
Q0181,
Q0182,
Q0183,
Q0184,
Q0185,
Q0186,R09155
Q0187,R68506
Q0188,
Q0189,
Q0190,
Q0191,
Q0192,
Q0193,R19399
Q0194,
Q0195,
Q0196,
Q0197,
Q0198,
Q0199,R88171
Q0200,R36225
Q0201,
Q0202,
Q0203,
Q0204,R97957
Q0205,
Q0206,
Q0207,
Q0208,
Q0209,R49484
Q0210,
Q0211,R69187
Q0212,
Q0213,R30419
Q0214,
Q0215,
Q0216,
Q0217,
Q0218,R73886
Q0219,
Q0220,
Q0221,
Q0222,
Q0223,
Q0224,
Q0225,
Q0226,
Q0227,
Q0228,
Q0229,R09555
Q0230,
Q0231,
Q0232,
Q0233,
Q0234,
Q0235,
Q0236,R59156
Q0237,
Q0238,R27732
Q0239,
Q0240,
Q0241,
Q0242,
Q0243,
Q0244,
Q0245,
Q0246,
Q0247,
Q0248,
Q0249,
Q0250,
Q0251,
Q0252,
Q0253,R81444
Q0254,
Q0255,R31335
Q0256,
Q0257,
Q0258,
Q0259,
Q0260,
Q0261,
Q0262,R46410
Q0263,
Q0264,
Q0265,
Q0266,
Q0267,
Q0268,R99363
Q0269,
Q0270,
Q0271,
Q0272,R76650
Q0273,
Q0274,
Q0275,
Q0276,R65453
Q0277,
Q0278,R16583
Q0279,
Q0280,R99063
Q0281,
Q0282,
Q0283,
Q0284,
Q0285,
Q0286,
Q0287,R26998
Q0288,
Q0289,
Q0290,
Q0291,
Q0292,R98307
Q0293,R61804
Q0294,
Q0295,R29172
Q0296,
Q0297,
Q0298,
Q0299,
Q0300,
Q0301,
Q0302,
Q0303,R63509
Q0304,R84675
Q0305,R69287
Q0306,
Q0307,
Q0308,
Q0309,
Q0310,R62702
Q0311,
Q0312,
Q0313,
Q0314,
Q0315,
Q0316,
Q0317,R75547
Q0318,
Q0319,R67234
Q0320,
Q0321,R37258
Q0322,
Q0323,R57471
Q0324,
Q0325,
Q0326,R49434
Q0327,R66834
Q0328,R67384
Q0329,
Q0330,
Q0331,
Q0332,R81671
Q0333,
Q0334,
Q0335,
Q0336,
Q0337,
Q0338,
Q0339,
Q0340,
Q0341,
Q0342,
Q0343,R12837
Q0344,
Q0345,
Q0346,
Q0347,
Q0348,R81571
Q0349,
Q0350,
Q0351,
Q0352,
Q0353,
Q0354,
Q0355,
Q0356,
Q0357,
Q0358,
Q0359,
Q0360,
Q0361,
Q0362,
Q0363,
Q0364,R81144
Q0365,
Q0366,
Q0367,
Q0368,
Q0369,
Q0370,
Q0371,R49184
Q0372,R89390
Q0373,R54794
Q0374,
Q0375,
Q0376,
Q0377,
Q0378,
Q0379,
Q0380,
Q0381,
Q0382,
Q0383,
Q0384,
Q0385,
Q0386,R09105
Q0387,R36958
Q0388,
Q0389,
Q0390,
Q0391,R76750
Q0392,
Q0393,
Q0394,
Q0395,
Q0396,
Q0397,
Q0398,
Q0399,
Q0400,
Q0401,
Q0402,R63709
Q0403,
Q0404,
Q0405,R86869
Q0406,R17333
Q0407,
Q0408,
Q0409,R36576
Q0410,
Q0411,
Q0412,
Q0413,
Q0414,R69804
Q0415,R61077
Q0416,R48475
Q0417,
Q0418,
Q0419,
Q0420,
Q0421,
Q0422,
Q0423,
Q0424,R45885
Q0425,
Q0426,
Q0427,
Q0428,
Q0429,R35102
Q0430,R78923
Q0431,
Q0432,
Q0433,
Q0434,R98563
Q0435,
Q0436,
Q0437,
Q0438,R37930
Q0439,
Q0440,
Q0441,
Q0442,R67934
Q0443,
Q0444,
Q0445,
Q0446,
Q0447,
Q0448,
Q0449,R54096
Q0450,
Q0451,
Q0452,
Q0453,
Q0454,R38460
Q0455,
Q0456,
Q0457,
Q0458,
Q0459,R11174
Q0460,
Q0461,R56215
Q0462,
Q0463,
Q0464,
Q0465,
Q0466,R85241
Q0467,
Q0468,
Q0469,R09005
Q0470,
Q0471,
Q0472,
Q0473,R57621
Q0474,
Q0475,
Q0476,
Q0477,
Q0478,
Q0479,
Q0480,R34645
Q0481,
Q0482,
Q0483,
Q0484,
Q0485,
Q0486,
Q0487,
Q0488,
Q0489,
Q0490,R67734
Q0491,
Q0492,
Q0493,R71473
Q0494,
Q0495,
Q0496,
Q0497,
Q0498,
Q0499,R64609
Q0500,R61904
Q0501,
Q0502,
Q0503,
Q0504,
Q0505,
Q0506,
Q0507,R57184
Q0508,
Q0509,
Q0510,
Q0511,
Q0512,
Q0513,
Q0514,
Q0515,
Q0516,
Q0517,
Q0518,R25598
Q0519,
Q0520,
Q0521,R44703
Q0522,
Q0523,R82791
Q0524,
Q0525,
Q0526,
Q0527,
Q0528,
Q0529,
Q0530,
Q0531,R59656
Q0532,
Q0533,
Q0534,R33134
Q0535,R33284
Q0536,
Q0537,
Q0538,
Q0539,
Q0540,
Q0541,
Q0542,
Q0543,
Q0544,
Q0545,
Q0546,
Q0547,
Q0548,
Q0549,
Q0550,
Q0551,R86149
Q0552,
Q0553,
Q0554,R86340
Q0555,
Q0556,
Q0557,
Q0558,
Q0559,
Q0560,R76500
Q0561,
Q0562,
Q0563,R85091
Q0564,
Q0565,
Q0566,
Q0567,
Q0568,
Q0569,
Q0570,
Q0571,
Q0572,
Q0573,
Q0574,
Q0575,
Q0576,
Q0577,
Q0578,R19049
Q0579,R42427
Q0580,
Q0581,
Q0582,
Q0583,R63609
Q0584,
Q0585,R17686
Q0586,R75897
Q0587,R53031
Q0588,
Q0589,
Q0590,R23442
Q0591,
Q0592,R34845
Q0593,R12537
Q0594,
Q0595,R54296
Q0596,
Q0597,
Q0598,
Q0599,
Q0600,R56266
Q0601,
Q0602,
Q0603,R32466
Q0604,R61519
Q0605,R37008
Q0606,
Q0607,
Q0608,
Q0609,
Q0610,
Q0611,
Q0612,
Q0613,R67484
Q0614,
Q0615,
Q0616,
Q0617,
Q0618,R26348
Q0619,
Q0620,
Q0621,
Q0622,
Q0623,
Q0624,
Q0625,R38014
Q0626,
Q0627,
Q0628,
Q0629,R58717
Q0630,
Q0631,
Q0632,
Q0633,
Q0634,
Q0635,R37580
Q0636,
Q0637,
Q0638,
Q0639,
Q0640,
Q0641,R29976
Q0642,R70006
Q0643,
Q0644,R46464
Q0645,
Q0646,
Q0647,R97907
Q0648,
Q0649,
Q0650,
Q0651,
Q0652,
Q0653,
Q0654,
Q0655,
Q0656,R27526
Q0657,
Q0658,
Q0659,R45103
Q0660,
Q0661,
Q0662,
Q0663,
Q0664,
Q0665,R96878
Q0666,
Q0667,R82221
Q0668,
Q0669,R34952
Q0670,R60306
Q0671,
Q0672,
Q0673,
Q0674,R29776
Q0675,
Q0676,
Q0677,
Q0678,R39261
Q0679,
Q0680,
Q0681,
Q0682,R93749
Q0683,
Q0684,
Q0685,
Q0686,
Q0687,
Q0688,
Q0689,
Q0690,
Q0691,
Q0692,R67634
Q0693,R24242
Q0694,
Q0695,
Q0696,
Q0697,
Q0698,
Q0699,R09205
Q0700,
Q0701,
Q0702,R59906
Q0703,
Q0704,
Q0705,
Q0706,R31845
Q0707,
Q0708,
Q0709,
Q0710,
Q0711,
Q0712,
Q0713,
Q0714,
Q0715,
Q0716,
Q0717,
Q0718,
Q0719,
Q0720,
Q0721,R97638
Q0722,
Q0723,
Q0724,
Q0725,
Q0726,
Q0727,
Q0728,
Q0729,
Q0730,
Q0731,
Q0732,
Q0733,R15930
Q0734,R60206
Q0735,
Q0736,
Q0737,
Q0738,
Q0739,
Q0740,
Q0741,
Q0742,
Q0743,
Q0744,
Q0745,
Q0746,R52136
Q0747,
Q0748,
Q0749,R20481
Q0750,R75297
Q0751,
Q0752,
Q0753,
Q0754,
Q0755,
Q0756,R24998
Q0757,
Q0758,
Q0759,
Q0760,
Q0761,
Q0762,
Q0763,
Q0764,
Q0765,
Q0766,
Q0767,
Q0768,
Q0769,
Q0770,
Q0771,
Q0772,
Q0773,
Q0774,
Q0775,
Q0776,
Q0777,R54046
Q0778,
Q0779,
Q0780,
Q0781,
Q0782,
Q0783,
Q0784,R42604
Q0785,
Q0786,
Q0787,
Q0788,
Q0789,R84975
Q0790,
Q0791,
Q0792,
Q0793,
Q0794,R34545
Q0795,
Q0796,
Q0797,R09961
Q0798,
Q0799,R73417
Q0800,
Q0801,
Q0802,
Q0803,
Q0804,
Q0805,
Q0806,
Q0807,
Q0808,
Q0809,
Q0810,
Q0811,
Q0812,
Q0813,
Q0814,
Q0815,
Q0816,
Q0817,R74794
Q0818,
Q0819,
Q0820,
Q0821,
Q0822,
Q0823,
Q0824,
Q0825,
Q0826,
Q0827,
Q0828,R25048
Q0829,
Q0830,
Q0831,
Q0832,
Q0833,
Q0834,
Q0835,
Q0836,R46035
Q0837,
Q0838,
Q0839,
Q0840,
Q0841,
Q0842,
Q0843,
Q0844,
Q0845,R07107
Q0846,
Q0847,
Q0848,
Q0849,
Q0850,
Q0851,
Q0852,
Q0853,R41687
Q0854,
Q0855,
Q0856,
Q0857,
Q0858,
Q0859,R10724
Q0860,R83884
Q0861,
Q0862,
Q0863,
Q0864,R78091
Q0865,
Q0866,
Q0867,
Q0868,
Q0869,
Q0870,R66634
Q0871,
Q0872,
Q0873,
Q0874,
Q0875,
Q0876,
Q0877,
Q0878,
Q0879,
Q0880,R89140
Q0881,
Q0882,
Q0883,
Q0884,R09805
Q0885,
Q0886,R36758
Q0887,
Q0888,
Q0889,R40830
Q0890,
Q0891,
Q0892,R34795
Q0893,
Q0894,
Q0895,
Q0896,
Q0897,
Q0898,
Q0899,
Q0900,
Q0901,
Q0902,
Q0903,R35052
Q0904,
Q0905,
Q0906,
Q0907,
Q0908,
Q0909,
Q0910,
Q0911,
Q0912,
Q0913,
Q0914,
Q0915,
Q0916,
Q0917,
Q0918,
Q0919,
Q0920,
Q0921,
Q0922,
Q0923,R64009
Q0924,
Q0925,
Q0926,
Q0927,
Q0928,
Q0929,
Q0930,
Q0931,
Q0932,R96928
Q0933,
Q0934,R69654
Q0935,R68987
Q0936,
Q0937,R92423
Q0938,
Q0939,
Q0940,
Q0941,
Q0942,
Q0943,
Q0944,
Q0945,
Q0946,
Q0947,
Q0948,
Q0949,
Q0950,
Q0951,
Q0952,
Q0953,
Q0954,
Q0955,
Q0956,
Q0957,R89840
Q0958,
Q0959,R62752
Q0960,
Q0961,
Q0962,
Q0963,
Q0964,
Q0965,
Q0966,R62204
Q0967,R91186
Q0968,R92878
Q0969,
Q0970,
Q0971,
Q0972,
Q0973,
Q0974,
Q0975,
Q0976,R18394
Q0977,
Q0978,
Q0979,
Q0980,
Q0981,
Q0982,
Q0983,
Q0984,R94629
Q0985,R71523
Q0986,
Q0987,R91283
Q0988,
Q0989,
Q0990,
Q0991,
Q0992,
Q0993,
Q0994,
Q0995,
Q0996,
Q0997,
Q0998,
Q0999,
Q1000,
Q1001,
Q1002,R68084
Q1003,R46614
Q1004,
Q1005,
Q1006,
Q1007,
Q1008,
Q1009,
Q1010,
Q1011,
Q1012,R46210
Q1013,
Q1014,
Q1015,
Q1016,
Q1017,
Q1018,
Q1019,
Q1020,
Q1021,
Q1022,
Q1023,
Q1024,
Q1025,
Q1026,
Q1027,
Q1028,
Q1029,
Q1030,
Q1031,R49384
Q1032,
Q1033,
Q1034,
Q1035,R37380
Q1036,R31285
Q1037,
Q1038,R71623
Q1039,
Q1040,
Q1041,
Q1042,R35502
Q1043,
Q1044,
Q1045,
Q1046,R40980
Q1047,
Q1048,R94885
Q1049,
Q1050,
Q1051,
Q1052,
Q1053,
Q1054,R69337
Q1055,
Q1056,
Q1057,
Q1058,
Q1059,
Q1060,
Q1061,
Q1062,R14804
Q1063,
Q1064,
Q1065,
Q1066,
Q1067,
Q1068,
Q1069,
Q1070,
Q1071,
Q1072,
Q1073,
Q1074,
Q1075,
Q1076,
Q1077,
Q1078,
Q1079,R34368
Q1080,
Q1081,
Q1082,R39161
Q1083,
Q1084,
Q1085,
Q1086,
Q1087,
Q1088,
Q1089,R68851
Q1090,
Q1091,
Q1092,
Q1093,
Q1094,
Q1095,
Q1096,
Q1097,
Q1098,R78658
Q1099,R40611
Q1100,
Q1101,
Q1102,R10261
Q1103,
Q1104,
Q1105,
Q1106,
Q1107,
Q1108,
Q1109,
Q1110,
Q1111,R43654
Q1112,
Q1113,
Q1114,
Q1115,
Q1116,
Q1117,
Q1118,R29926
Q1119,
Q1120,
Q1121,R07857
Q1122,R95983
Q1123,R52286
Q1124,
Q1125,
Q1126,R92828
Q1127,
Q1128,
Q1129,
Q1130,
Q1131,
Q1132,R30469
Q1133,
Q1134,
Q1135,
Q1136,
Q1137,
Q1138,
Q1139,
Q1140,R94479
Q1141,
Q1142,
Q1143,R46914
Q1144,
Q1145,
Q1146,
Q1147,R30719
Q1148,
Q1149,R36626
Q1150,
Q1151,
Q1152,
Q1153,
Q1154,R61369
Q1155,
Q1156,
Q1157,
Q1158,
Q1159,
Q1160,
Q1161,
Q1162,
Q1163,
Q1164,R57421
Q1165,R81721
Q1166,
Q1167,
Q1168,
Q1169,R70206
Q1170,
Q1171,R19099
Q1172,
Q1173,
Q1174,
Q1175,R07707
Q1176,
Q1177,
Q1178,
Q1179,
Q1180,
Q1181,R79573
Q1182,
Q1183,
Q1184,
Q1185,
Q1186,
Q1187,
Q1188,
Q1189,
Q1190,R85341
Q1191,
Q1192,R46964
Q1193,
Q1194,
Q1195,
Q1196,
Q1197,
Q1198,
Q1199,
Q1200,
Q1201,
Q1202,
Q1203,
Q1204,
Q1205,
Q1206,R35152
Q1207,
Q1208,
Q1209,
Q1210,R26648
Q1211,
Q1212,
Q1213,R93652
Q1214,
Q1215,
Q1216,
Q1217,
Q1218,
Q1219,R87821
Q1220,R67084
Q1221,
Q1222,
Q1223,
Q1224,
Q1225,
Q1226,
Q1227,
Q1228,
Q1229,R87721
Q1230,
Q1231,R37291
Q1232,
Q1233,
Q1234,
Q1235,
Q1236,
Q1237,
Q1238,R96578
Q1239,
Q1240,
Q1241,
Q1242,
Q1243,
Q1244,R85541
Q1245,
Q1246,
Q1247,
Q1248,
Q1249,R93899
Q1250,R91612
Q1251,
Q1252,
Q1253,
Q1254,
Q1255,
Q1256,
Q1257,R76450
Q1258,
Q1259,R20431
Q1260,R79373
Q1261,R32734
Q1262,
Q1263,
Q1264,
Q1265,
Q1266,R91978
Q1267,
Q1268,
Q1269,
Q1270,
Q1271,
Q1272,
Q1273,
Q1274,
Q1275,
Q1276,
Q1277,
Q1278,
Q1279,
Q1280,
Q1281,R18921
Q1282,R23242
Q1283,R32016
Q1284,
Q1285,
Q1286,
Q1287,
Q1288,
Q1289,
Q1290,
Q1291,
Q1292,R14137
Q1293,
Q1294,
Q1295,
Q1296,
Q1297,
Q1298,
Q1299,R21269
Q1300,
Q1301,
Q1302,
Q1303,
Q1304,
Q1305,R26798
Q1306,
Q1307,
Q1308,R47855
Q1309,
Q1310,R72645
Q1311,
Q1312,
Q1313,
Q1314,
Q1315,
Q1316,R12037
Q1317,
Q1318,
Q1319,
Q1320,R48984
Q1321,R95127
Q1322,
Q1323,R66034
Q1324,
Q1325,
Q1326,R51423
Q1327,
Q1328,
Q1329,
Q1330,
Q1331,R24442
Q1332,R83466
Q1333,
Q1334,
Q1335,
Q1336,
Q1337,
Q1338,R20381
Q1339,
Q1340,
Q1341,
Q1342,
Q1343,
Q1344,
Q1345,
Q1346,
Q1347,
Q1348,
Q1349,
Q1350,R38114
Q1351,
Q1352,
Q1353,
Q1354,
Q1355,
Q1356,R67834
Q1357,
Q1358,
Q1359,R77701
Q1360,R73169
Q1361,
Q1362,
Q1363,
Q1364,
Q1365,
Q1366,
Q1367,
Q1368,
Q1369,R16430
Q1370,R48025
Q1371,
Q1372,
Q1373,R50951
Q1374,
Q1375,
Q1376,
Q1377,
Q1378,
Q1379,R99313
Q1380,
Q1381,
Q1382,
Q1383,
Q1384,R19249
Q1385,
Q1386,
Q1387,
Q1388,
Q1389,
Q1390,
Q1391,
Q1392,
Q1393,R85041
Q1394,
Q1395,R37480
Q1396,
Q1397,
Q1398,
Q1399,
Q1400,
Q1401,
Q1402,
Q1403,
Q1404,
Q1405,
Q1406,
Q1407,
Q1408,
Q1409,R50851
Q1410,R52831
Q1411,
Q1412,
Q1413,
Q1414,
Q1415,
Q1416,R58467
Q1417,
Q1418,
Q1419,
Q1420,
Q1421,R11124
Q1422,
Q1423,
Q1424,
Q1425,R82071
Q1426,
Q1427,R07357
Q1428,
Q1429,
Q1430,R80644
Q1431,
Q1432,
Q1433,R57053
Q1434,
Q1435,
Q1436,
Q1437,R42504
Q1438,
Q1439,
Q1440,
Q1441,
Q1442,
Q1443,
Q1444,
Q1445,R77600
Q1446,R17836
Q1447,
Q1448,
Q1449,
Q1450,
Q1451,
Q1452,R26248
Q1453,
Q1454,R75044
Q1455,
Q1456,
Q1457,
Q1458,
Q1459,
Q1460,
Q1461,
Q1462,
Q1463,
Q1464,
Q1465,
Q1466,R71273
Q1467,
Q1468,
Q1469,
Q1470,
Q1471,
Q1472,
Q1473,R23241
Q1474,
Q1475,
Q1476,
Q1477,
Q1478,R81871
Q1479,
Q1480,
Q1481,R06194
Q1482,
Q1483,
Q1484,
Q1485,R80944
Q1486,
Q1487,
Q1488,
Q1489,
Q1490,
Q1491,
Q1492,
Q1493,
Q1494,
Q1495,
Q1496,R51323
Q1497,
Q1498,
Q1499,
Q1500,
Q1501,
Q1502,
Q1503,
Q1504,
Q1505,
Q1506,R38532
Q1507,R31035
Q1508,R62004
Q1509,
Q1510,
Q1511,R58417
Q1512,
Q1513,
Q1514,R16480
Q1515,
Q1516,
Q1517,
Q1518,
Q1519,
Q1520,
Q1521,
Q1522,
Q1523,R56216
Q1524,
Q1525,
Q1526,
Q1527,
Q1528,
Q1529,
Q1530,
Q1531,
Q1532,
Q1533,R23692
Q1534,
Q1535,
Q1536,R13187
Q1537,
Q1538,
Q1539,
Q1540,R18694
Q1541,R75747
Q1542,
Q1543,
Q1544,
Q1545,
Q1546,
Q1547,
Q1548,
Q1549,
Q1550,R17986
Q1551,
Q1552,
Q1553,
Q1554,R85141
Q1555,
Q1556,R71023
Q1557,
Q1558,
Q1559,
Q1560,R45685
Q1561,
Q1562,
Q1563,
Q1564,R92078
Q1565,
Q1566,
Q1567,R62602
Q1568,
Q1569,R59256
Q1570,
Q1571,R57003
Q1572,
Q1573,
Q1574,
Q1575,
Q1576,
Q1577,
Q1578,
Q1579,R08979
Q1580,
Q1581,R18644
Q1582,
Q1583,
Q1584,
Q1585,
Q1586,
Q1587,
Q1588,
Q1589,
Q1590,
Q1591,
Q1592,R64559
Q1593,R29329
Q1594,
Q1595,
Q1596,
Q1597,
Q1598,
Q1599,R61619
Q1600,
Q1601,
Q1602,
Q1603,
Q1604,
Q1605,R98713
Q1606,
Q1607,
Q1608,
Q1609,
Q1610,R23642
Q1611,
Q1612,R97288
Q1613,R08779
Q1614,
Q1615,
Q1616,
Q1617,
Q1618,R10824
Q1619,
Q1620,
Q1621,
Q1622,
Q1623,R96528
Q1624,
Q1625,
Q1626,
Q1627,
Q1628,R18075
Q1629,
Q1630,
Q1631,R73936
Q1632,R56720
Q1633,
Q1634,
Q1635,
Q1636,R53431
Q1637,
Q1638,
Q1639,
Q1640,
Q1641,
Q1642,
Q1643,
Q1644,
Q1645,
Q1646,
Q1647,
Q1648,
Q1649,
Q1650,
Q1651,
Q1652,
Q1653,
Q1654,
Q1655,
Q1656,R19299
Q1657,R77450
Q1658,
Q1659,
Q1660,
Q1661,
Q1662,
Q1663,
Q1664,
Q1665,
Q1666,
Q1667,
Q1668,
Q1669,
Q1670,
Q1671,
Q1672,
Q1673,
Q1674,
Q1675,
Q1676,
Q1677,
Q1678,
Q1679,
Q1680,
Q1681,
Q1682,
Q1683,
Q1684,
Q1685,
Q1686,R46514
Q1687,
Q1688,
Q1689,
Q1690,
Q1691,
Q1692,
Q1693,
Q1694,
Q1695,
Q1696,
Q1697,
Q1698,
Q1699,
Q1700,R53081
Q1701,
Q1702,
Q1703,
Q1704,
Q1705,
Q1706,R60524
Q1707,
Q1708,
Q1709,R26598
Q1710,
Q1711,
Q1712,
Q1713,
Q1714,
Q1715,
Q1716,
Q1717,
Q1718,
Q1719,
Q1720,R43454
Q1721,
Q1722,
Q1723,
Q1724,
Q1725,R06607
Q1726,
Q1727,
Q1728,R90886
Q1729,R28319
Q1730,
Q1731,
Q1732,
Q1733,
Q1734,
Q1735,
Q1736,
Q1737,
Q1738,
Q1739,
Q1740,R98813
Q1741,
Q1742,
Q1743,
Q1744,
Q1745,
Q1746,
Q1747,R68704
Q1748,
Q1749,
Q1750,
Q1751,
Q1752,
Q1753,
Q1754,
Q1755,R57321
Q1756,
Q1757,
Q1758,
Q1759,R64825
Q1760,R10211
Q1761,R38832
Q1762,
Q1763,
Q1764,
Q1765,
Q1766,
Q1767,
Q1768,R16683
Q1769,
Q1770,
Q1771,R57751
Q1772,
Q1773,R88990
Q1774,
Q1775,
Q1776,
Q1777,
Q1778,R22069
Q1779,
Q1780,
Q1781,
Q1782,
Q1783,
Q1784,
Q1785,R71923
Q1786,
Q1787,
Q1788,
Q1789,
Q1790,
Q1791,
Q1792,
Q1793,R05216
Q1794,
Q1795,
Q1796,
Q1797,
Q1798,R95455
Q1799,R89890
Q1800,
Q1801,
Q1802,R51173
Q1803,
Q1804,R77400
Q1805,
Q1806,
Q1807,R93602
Q1808,
Q1809,
Q1810,
Q1811,
Q1812,
Q1813,
Q1814,
Q1815,
Q1816,
Q1817,
Q1818,
Q1819,
Q1820,
Q1821,
Q1822,
Q1823,
Q1824,
Q1825,
Q1826,
Q1827,R43304
Q1828,
Q1829,
Q1830,
Q1831,R07557
Q1832,
Q1833,R11937
Q1834,R30411
Q1835,
Q1836,
Q1837,
Q1838,
Q1839,
Q1840,
Q1841,
Q1842,
Q1843,
Q1844,
Q1845,
Q1846,R22519
Q1847,R82841
Q1848,
Q1849,
Q1850,
Q1851,
Q1852,R17183
Q1853,R19549
Q1854,
Q1855,
Q1856,R25798
Q1857,
Q1858,R54646
Q1859,R52086
Q1860,
Q1861,
Q1862,R17583
Q1863,R35002
Q1864,
Q1865,
Q1866,
Q1867,
Q1868,R31395
Q1869,R85999
Q1870,
Q1871,R31595
Q1872,
Q1873,
Q1874,R89740
Q1875,
Q1876,
Q1877,
Q1878,
Q1879,
Q1880,
Q1881,
Q1882,
Q1883,R42377
Q1884,
Q1885,R65653
Q1886,
Q1887,
Q1888,
Q1889,
Q1890,
Q1891,
Q1892,
Q1893,R58917
Q1894,
Q1895,R82171
Q1896,
Q1897,
Q1898,R92341
Q1899,
Q1900,
Q1901,
Q1902,
Q1903,
Q1904,
Q1905,
Q1906,
Q1907,
Q1908,
Q1909,
Q1910,R62302
Q1911,
Q1912,
Q1913,
Q1914,
Q1915,
Q1916,
Q1917,
Q1918,
Q1919,
Q1920,
Q1921,
Q1922,
Q1923,
Q1924,R70356
Q1925,
Q1926,
Q1927,
Q1928,
Q1929,
Q1930,
Q1931,R41587
Q1932,
Q1933,
Q1934,
Q1935,
Q1936,
Q1937,
Q1938,
Q1939,
Q1940,
Q1941,
Q1942,
Q1943,
Q1944,R46714
Q1945,
Q1946,R41330
Q1947,R28856
Q1948,R11699
Q1949,
Q1950,
Q1951,
Q1952,
Q1953,R91878
Q1954,
Q1955,
Q1956,
Q1957,R70823
Q1958,
Q1959,
Q1960,
Q1961,
Q1962,
Q1963,
Q1964,
Q1965,
Q1966,R26898
Q1967,
Q1968,
Q1969,
Q1970,
Q1971,
Q1972,
Q1973,
Q1974,
Q1975,
Q1976,
Q1977,
Q1978,
Q1979,
Q1980,
Q1981,
Q1982,
Q1983,
Q1984,
Q1985,
Q1986,
Q1987,
Q1988,
Q1989,R25748
Q1990,
Q1991,
Q1992,
Q1993,
Q1994,
Q1995,R49084
Q1996,
Q1997,R13237
Q1998,
Q1999,
Q2000,
Q2001,
Q2002,
Q2003,
Q2004,
Q2005,
Q2006,
Q2007,
Q2008,
Q2009,
Q2010,
Q2011,
Q2012,
Q2013,
Q2014,
Q2015,
Q2016,
Q2017,
Q2018,
Q2019,
Q2020,
Q2021,R82941
Q2022,
Q2023,
Q2024,
Q2025,
Q2026,
Q2027,
Q2028,
Q2029,
Q2030,
Q2031,
Q2032,R72423
Q2033,
Q2034,
Q2035,R45203
Q2036,
Q2037,
Q2038,
Q2039,
Q2040,
Q2041,
Q2042,
Q2043,R03682
Q2044,
Q2045,
Q2046,R97178
Q2047,
Q2048,
Q2049,
Q2050,
Q2051,
Q2052,
Q2053,
Q2054,
Q2055,
Q2056,
Q2057,R54446
Q2058,
Q2059,
Q2060,R44953
Q2061,
Q2062,
Q2063,
Q2064,R52781
Q2065,
Q2066,
Q2067,
Q2068,
Q2069,R36125
Q2070,
Q2071,
Q2072,
Q2073,R47316
Q2074,
Q2075,R77851
Q2076,
Q2077,
Q2078,
Q2079,
Q2080,
Q2081,
Q2082,R51886
Q2083,
Q2084,
Q2085,
Q2086,
Q2087,
Q2088,
Q2089,
Q2090,R11024
Q2091,R52557
Q2092,
Q2093,
Q2094,
Q2095,R53896
Q2096,
Q2097,R52436
Q2098,
Q2099,
Q2100,
Q2101,
Q2102,
Q2103,
Q2104,R60156
Q2105,
Q2106,R47805
Q2107,R15980
Q2108,
Q2109,
Q2110,
Q2111,R65353
Q2112,
Q2113,
Q2114,
Q2115,
Q2116,
Q2117,R27476
Q2118,
Q2119,
Q2120,
Q2121,
Q2122,
Q2123,
Q2124,
Q2125,R11463
Q2126,
Q2127,
Q2128,R80394
Q2129,
Q2130,
Q2131,
Q2132,
Q2133,
Q2134,
Q2135,
Q2136,
Q2137,R79423
Q2138,
Q2139,R60106
Q2140,
Q2141,
Q2142,
Q2143,R41987
Q2144,
Q2145,
Q2146,
Q2147,
Q2148,
Q2149,
Q2150,
Q2151,
Q2152,R38982
Q2153,R29122
Q2154,
Q2155,
Q2156,
Q2157,
Q2158,
Q2159,
Q2160,
Q2161,R96431
Q2162,
Q2163,
Q2164,
Q2165,
Q2166,
Q2167,
Q2168,
Q2169,R45303
Q2170,
Q2171,R35552
Q2172,R38360
Q2173,R11899
Q2174,
Q2175,
Q2176,R18225
Q2177,R64459
Q2178,
Q2179,
Q2180,
Q2181,
Q2182,
Q2183,
Q2184,
Q2185,
Q2186,
Q2187,
Q2188,
Q2189,
Q2190,
Q2191,R22841
Q2192,R76400
Q2193,
Q2194,
Q2195,R78475
Q2196,
Q2197,R67284
Q2198,R13387
Q2199,
Q2200,R89940
Q2201,
Q2202,R71323
Q2203,
Q2204,
Q2205,
Q2206,
Q2207,
Q2208,
Q2209,
Q2210,R28119
Q2211,R15630
Q2212,
Q2213,
Q2214,R50601
Q2215,R43404
Q2216,
Q2217,
Q2218,
Q2219,
Q2220,
Q2221,
Q2222,
Q2223,R06443
Q2224,
Q2225,
Q2226,
Q2227,
Q2228,
Q2229,
Q2230,R55094
Q2231,R28694
Q2232,
Q2233,
Q2234,
Q2235,
Q2236,R90484
Q2237,R90234
Q2238,
Q2239,
Q2240,
Q2241,
Q2242,
Q2243,
Q2244,
Q2245,R84125
Q2246,
Q2247,
Q2248,
Q2249,
Q2250,
Q2251,R37939
Q2252,R81771
Q2253,
Q2254,
Q2255,
Q2256,
Q2257,
Q2258,
Q2259,
Q2260,R98863
Q2261,R35352
Q2262,R90836
Q2263,
Q2264,
Q2265,R31895
Q2266,R28492
Q2267,
Q2268,R18949
Q2269,
Q2270,
Q2271,
Q2272,R69754
Q2273,
Q2274,
Q2275,
Q2276,
Q2277,
Q2278,
Q2279,
Q2280,
Q2281,
Q2282,
Q2283,
Q2284,
Q2285,
Q2286,R70923
Q2287,
Q2288,
Q2289,R71973
Q2290,
Q2291,R16330
Q2292,R33821
Q2293,
Q2294,
Q2295,R35452
Q2296,
Q2297,
Q2298,
Q2299,
Q2300,
Q2301,
Q2302,
Q2303,
Q2304,
Q2305,
Q2306,
Q2307,
Q2308,R98057
Q2309,
Q2310,R26498
Q2311,R66784
Q2312,R36808
Q2313,R73636
Q2314,
Q2315,
Q2316,R52981
Q2317,
Q2318,
Q2319,
Q2320,
Q2321,
Q2322,
Q2323,
Q2324,
Q2325,
Q2326,
Q2327,
Q2328,
Q2329,
Q2330,R83925
Q2331,
Q2332,
Q2333,R11849
Q2334,R29676
Q2335,
Q2336,
Q2337,
Q2338,
Q2339,
Q2340,
Q2341,
Q2342,R27156
Q2343,
Q2344,
Q2345,
Q2346,
Q2347,
Q2348,R09605
Q2349,
Q2350,
Q2351,
Q2352,R68604
Q2353,R10161
Q2354,
Q2355,
Q2356,
Q2357,
Q2358,
Q2359,
Q2360,
Q2361,
Q2362,
Q2363,
Q2364,
Q2365,
Q2366,
Q2367,
Q2368,
Q2369,
Q2370,
Q2371,
Q2372,
Q2373,R74744
Q2374,
Q2375,
Q2376,
Q2377,
Q2378,
Q2379,
Q2380,
Q2381,
Q2382,
Q2383,
Q2384,
Q2385,
Q2386,
Q2387,
Q2388,
Q2389,
Q2390,
Q2391,
Q2392,
Q2393,
Q2394,
Q2395,
Q2396,
Q2397,
Q2398,R17083
Q2399,R81494
Q2400,
Q2401,
Q2402,
Q2403,
Q2404,
Q2405,
Q2406,
Q2407,
Q2408,
Q2409,
Q2410,R58767
Q2411,
Q2412,
Q2413,R69437
Q2414,R55344
Q2415,R48005
Q2416,
Q2417,R28844
Q2418,
Q2419,
Q2420,
Q2421,
Q2422,
Q2423,
Q2424,
Q2425,
Q2426,
Q2427,R12137
Q2428,
Q2429,
Q2430,
Q2431,
Q2432,
Q2433,
Q2434,
Q2435,
Q2436,
Q2437,
Q2438,
Q2439,R87871
Q2440,
Q2441,
Q2442,
Q2443,R08357
Q2444,R22019
Q2445,
Q2446,
Q2447,
Q2448,
Q2449,
Q2450,R59056
Q2451,R43054
Q2452,R84875
Q2453,
Q2454,R81394
Q2455,R15830
Q2456,R69554
Q2457,R10111
Q2458,
Q2459,
Q2460,
Q2461,
Q2462,
Q2463,
Q2464,
Q2465,
Q2466,R63121
Q2467,
Q2468,
Q2469,
Q2470,
Q2471,
Q2472,R40561
Q2473,
Q2474,
Q2475,R41837
Q2476,
Q2477,
Q2478,R75847
Q2479,
Q2480,
Q2481,
Q2482,
Q2483,
Q2484,
Q2485,R26398
Q2486,
Q2487,R44753
Q2488,
Q2489,R52931
Q2490,R79902
Q2491,
Q2492,
Q2493,
Q2494,
Q2495,R96828
Q2496,
Q2497,
Q2498,
Q2499,
Q2500,
Q2501,
Q2502,R35732
Q2503,
Q2504,
Q2505,
Q2506,
Q2507,
Q2508,
Q2509,
Q2510,
Q2511,
Q2512,
Q2513,
Q2514,
Q2515,
Q2516,
Q2517,
Q2518,
Q2519,
Q2520,R99213
Q2521,
Q2522,
Q2523,
Q2524,
Q2525,
Q2526,
Q2527,
Q2528,
Q2529,
Q2530,R10442
Q2531,
Q2532,
Q2533,
Q2534,
Q2535,
Q2536,R92373
Q2537,
Q2538,
Q2539,
Q2540,R15458
Q2541,
Q2542,
Q2543,
Q2544,
Q2545,
Q2546,
Q2547,R89290
Q2548,
Q2549,
Q2550,
Q2551,
Q2552,
Q2553,
Q2554,
Q2555,
Q2556,
Q2557,
Q2558,
Q2559,
Q2560,
Q2561,
Q2562,R53596
Q2563,
Q2564,
Q2565,
Q2566,
Q2567,
Q2568,
Q2569,
Q2570,R83366
Q2571,
Q2572,
Q2573,
Q2574,R30361
Q2575,
Q2576,
Q2577,
Q2578,
Q2579,R00260
Q2580,
Q2581,R34171
Q2582,
Q2583,
Q2584,
Q2585,
Q2586,
Q2587,
Q2588,R60877
Q2589,
Q2590,
Q2591,
Q2592,
Q2593,R15880
Q2594,
Q2595,
Q2596,R81044
Q2597,
Q2598,
Q2599,
Q2600,
Q2601,R30869
Q2602,
Q2603,
Q2604,
Q2605,R22941
Q2606,
Q2607,
Q2608,
Q2609,
Q2610,
Q2611,
Q2612,
Q2613,
Q2614,
Q2615,
Q2616,
Q2617,
Q2618,
Q2619,R06807
Q2620,
Q2621,
Q2622,
Q2623,R69087
Q2624,
Q2625,
Q2626,
Q2627,
Q2628,R16130
Q2629,R07957
Q2630,
Q2631,
Q2632,
Q2633,
Q2634,
Q2635,
Q2636,
Q2637,R78141
Q2638,
Q2639,
Q2640,
Q2641,
Q2642,
Q2643,
Q2644,
Q2645,
Q2646,
Q2647,
Q2648,
Q2649,R85899
Q2650,
Q2651,
Q2652,
Q2653,
Q2654,
Q2655,
Q2656,R11413
Q2657,
Q2658,
Q2659,
Q2660,
Q2661,
Q2662,
Q2663,
Q2664,
Q2665,
Q2666,R17433
Q2667,
Q2668,
Q2669,
Q2670,
Q2671,
Q2672,
Q2673,
Q2674,
Q2675,R23191
Q2676,
Q2677,
Q2678,
Q2679,
Q2680,
Q2681,
Q2682,
Q2683,
Q2684,
Q2685,
Q2686,
Q2687,
Q2688,
Q2689,
Q2690,
Q2691,
Q2692,
Q2693,
Q2694,R30769
Q2695,
Q2696,
Q2697,
Q2698,
Q2699,
Q2700,
Q2701,
Q2702,
Q2703,
Q2704,R33184
Q2705,
Q2706,
Q2707,
Q2708,
Q2709,
Q2710,
Q2711,
Q2712,
Q2713,
Q2714,
Q2715,
Q2716,
Q2717,R63559
Q2718,
Q2719,R51536
Q2720,
Q2721,
Q2722,
Q2723,
Q2724,R28594
Q2725,
Q2726,
Q2727,
Q2728,
Q2729,
Q2730,
Q2731,
Q2732,R38410
Q2733,
Q2734,
Q2735,
Q2736,
Q2737,
Q2738,
Q2739,
Q2740,
Q2741,
Q2742,
Q2743,
Q2744,
Q2745,
Q2746,R15004
Q2747,R74186
Q2748,
Q2749,
Q2750,
Q2751,
Q2752,
Q2753,
Q2754,
Q2755,
Q2756,
Q2757,
Q2758,
Q2759,R44803
Q2760,
Q2761,
Q2762,R86539
Q2763,
Q2764,
Q2765,
Q2766,
Q2767,
Q2768,
Q2769,
Q2770,R77651
Q2771,
Q2772,
Q2773,
Q2774,R97078
Q2775,R65303
Q2776,
Q2777,
Q2778,
Q2779,R45253
Q2780,
Q2781,R34268
Q2782,
Q2783,
Q2784,
Q2785,R09655
Q2786,
Q2787,
Q2788,R85591
Q2789,
Q2790,
Q2791,
Q2792,
Q2793,
Q2794,
Q2795,
Q2796,
Q2797,
Q2798,R66734
Q2799,
Q2800,
Q2801,
Q2802,
Q2803,
Q2804,
Q2805,
Q2806,
Q2807,
Q2808,R87771
Q2809,
Q2810,R24742
Q2811,
Q2812,
Q2813,
Q2814,
Q2815,
Q2816,R19881
Q2817,
Q2818,
Q2819,
Q2820,
Q2821,
Q2822,R89240
Q2823,
Q2824,
Q2825,
Q2826,
Q2827,
Q2828,
Q2829,R20819
Q2830,
Q2831,
Q2832,
Q2833,
Q2834,
Q2835,
Q2836,R82021
Q2837,
Q2838,
Q2839,
Q2840,
Q2841,
Q2842,
Q2843,
Q2844,
Q2845,
Q2846,
Q2847,
Q2848,
Q2849,
Q2850,
Q2851,
Q2852,
Q2853,
Q2854,
Q2855,
Q2856,
Q2857,
Q2858,
Q2859,
Q2860,
Q2861,
Q2862,
Q2863,
Q2864,R23942
Q2865,
Q2866,
Q2867,R39761
Q2868,R94579
Q2869,
Q2870,
Q2871,
Q2872,
Q2873,
Q2874,
Q2875,
Q2876,
Q2877,
Q2878,
Q2879,R96175
Q2880,R96978
Q2881,R19649
Q2882,
Q2883,
Q2884,
Q2885,
Q2886,R37158
Q2887,
Q2888,R48175
Q2889,
Q2890,
Q2891,
Q2892,
Q2893,
Q2894,
Q2895,R28906
Q2896,
Q2897,
Q2898,
Q2899,
Q2900,
Q2901,
Q2902,
Q2903,
Q2904,
Q2905,R27256
Q2906,R74286
Q2907,
Q2908,
Q2909,
Q2910,
Q2911,
Q2912,
Q2913,
Q2914,
Q2915,R13587
Q2916,
Q2917,
Q2918,
Q2919,
Q2920,
Q2921,
Q2922,R76700
Q2923,
Q2924,
Q2925,R73567
Q2926,
Q2927,
Q2928,R14664
Q2929,
Q2930,
Q2931,
Q2932,R12637
Q2933,
Q2934,
Q2935,R07457
Q2936,
Q2937,
Q2938,R64712
Q2939,
Q2940,
Q2941,
Q2942,R07057
Q2943,
Q2944,
Q2945,
Q2946,R86249
Q2947,
Q2948,
Q2949,
Q2950,
Q2951,
Q2952,R87621
Q2953,
Q2954,R71173
Q2955,
Q2956,
Q2957,
Q2958,
Q2959,
Q2960,
Q2961,
Q2962,R31545
Q2963,
Q2964,
Q2965,
Q2966,R91928
Q2967,
Q2968,
Q2969,
Q2970,
Q2971,
Q2972,
Q2973,
Q2974,
Q2975,
Q2976,R82341
Q2977,
Q2978,
Q2979,
Q2980,R27782
Q2981,
Q2982,
Q2983,
Q2984,
Q2985,
Q2986,
Q2987,
Q2988,
Q2989,
Q2990,
Q2991,
Q2992,R32266
Q2993,
Q2994,
Q2995,R41280
Q2996,
Q2997,
Q2998,
Q2999,
Q3000,
Q3001,
Q3002,
Q3003,
Q3004,
Q3005,
Q3006,
Q3007,
Q3008,R67784
Q3009,
Q3010,
Q3011,
Q3012,R82491
Q3013,
Q3014,
Q3015,R06294
Q3016,
Q3017,
Q3018,
Q3019,
Q3020,
Q3021,
Q3022,
Q3023,
Q3024,
Q3025,R72273
Q3026,
Q3027,R70256
Q3028,
Q3029,
Q3030,
Q3031,
Q3032,R07657
Q3033,
Q3034,
Q3035,R11313
Q3036,
Q3037,
Q3038,
Q3039,
Q3040,
Q3041,
Q3042,
Q3043,
Q3044,
Q3045,R26148
Q3046,
Q3047,
Q3048,
Q3049,
Q3050,
Q3051,R78602
Q3052,R11749
Q3053,
Q3054,
Q3055,R47516
Q3056,
Q3057,
Q3058,
Q3059,
Q3060,
Q3061,
Q3062,
Q3063,R64109
Q3064,
Q3065,
Q3066,
Q3067,R20281
Q3068,
Q3069,
Q3070,
Q3071,
Q3072,
Q3073,
Q3074,R19349
Q3075,R95655
Q3076,
Q3077,
Q3078,
Q3079,R48075
Q3080,
Q3081,
Q3082,
Q3083,
Q3084,
Q3085,
Q3086,
Q3087,R65744
Q3088,
Q3089,
Q3090,
Q3091,
Q3092,
Q3093,
Q3094,
Q3095,
Q3096,R77350
Q3097,
Q3098,
Q3099,
Q3100,R58151
Q3101,
Q3102,
Q3103,
Q3104,
Q3105,
Q3106,R13987
Q3107,
Q3108,
Q3109,
Q3110,R14187
Q3111,
Q3112,
Q3113,R67184
Q3114,
Q3115,
Q3116,
Q3117,
Q3118,
Q3119,
Q3120,
Q3121,R92573
Q3122,R35975
Q3123,
Q3124,R28269
Q3125,R12737
Q3126,
Q3127,
Q3128,
Q3129,R10924
Q3130,
Q3131,R20919
Q3132,R94125
Q3133,
Q3134,
Q3135,
Q3136,
Q3137,
Q3138,
Q3139,
Q3140,
Q3141,R82121
Q3142,
Q3143,
Q3144,R26548
Q3145,R56115
Q3146,
Q3147,R18999
Q3148,
Q3149,R55144
Q3150,
Q3151,
Q3152,R70357
Q3153,
Q3154,R02239
Q3155,
Q3156,
Q3157,
Q3158,
Q3159,
Q3160,
Q3161,
Q3162,
Q3163,
Q3164,
Q3165,
Q3166,
Q3167,
Q3168,
Q3169,
Q3170,
Q3171,
Q3172,
Q3173,
Q3174,
Q3175,
Q3176,
Q3177,
Q3178,
Q3179,
Q3180,
Q3181,R73686
Q3182,
Q3183,R21119
Q3184,R90584
Q3185,
Q3186,
Q3187,
Q3188,
Q3189,
Q3190,
Q3191,
Q3192,
Q3193,
Q3194,
Q3195,R31445
Q3196,
Q3197,R12687
Q3198,
Q3199,
Q3200,
Q3201,
Q3202,
Q3203,R16983
Q3204,
Q3205,R97857
Q3206,
Q3207,
Q3208,R29106
Q3209,
Q3210,
Q3211,R78552
Q3212,
Q3213,R95340
Q3214,
Q3215,
Q3216,
Q3217,
Q3218,
Q3219,
Q3220,
Q3221,
Q3222,
Q3223,
Q3224,R56065
Q3225,
Q3226,
Q3227,
Q3228,
Q3229,
Q3230,
Q3231,R30669
Q3232,
Q3233,
Q3234,R42554
Q3235,
Q3236,
Q3237,
Q3238,
Q3239,
Q3240,
Q3241,
Q3242,
Q3243,R32666
Q3244,
Q3245,
Q3246,R18544
Q3247,
Q3248,
Q3249,
Q3250,
Q3251,
Q3252,
Q3253,
Q3254,R60674
Q3255,R80494
Q3256,R15580
Q3257,
Q3258,
Q3259,
Q3260,
Q3261,
Q3262,
Q3263,
Q3264,
Q3265,
Q3266,
Q3267,R31235
Q3268,
Q3269,
Q3270,
Q3271,
Q3272,R39361
Q3273,
Q3274,
Q3275,
Q3276,
Q3277,R97657
Q3278,
Q3279,
Q3280,R82641
Q3281,
Q3282,R22741
Q3283,
Q3284,R56416
Q3285,
Q3286,
Q3287,R47266
Q3288,
Q3289,
Q3290,
Q3291,
Q3292,
Q3293,
Q3294,
Q3295,R42264
Q3296,
Q3297,
Q3298,
Q3299,
Q3300,R52236
Q3301,
Q3302,
Q3303,
Q3304,
Q3305,
Q3306,
Q3307,
Q3308,
Q3309,
Q3310,
Q3311,
Q3312,
Q3313,
Q3314,
Q3315,
Q3316,R23842
Q3317,
Q3318,R55044
Q3319,
Q3320,
Q3321,
Q3322,
Q3323,
Q3324,
Q3325,R99631
Q3326,
Q3327,
Q3328,R07257
Q3329,
Q3330,
Q3331,
Q3332,
Q3333,R19799
Q3334,
Q3335,
Q3336,
Q3337,
Q3338,
Q3339,
Q3340,R70407
Q3341,
Q3342,
Q3343,
Q3344,
Q3345,
Q3346,R99480
Q3347,R47955
Q3348,
Q3349,
Q3350,R74644
Q3351,R67134
Q3352,
Q3353,
Q3354,
Q3355,
Q3356,R24042
Q3357,
Q3358,
Q3359,
Q3360,
Q3361,
Q3362,R16633
Q3363,
Q3364,
Q3365,
Q3366,
Q3367,
Q3368,R08679
Q3369,
Q3370,
Q3371,
Q3372,
Q3373,
Q3374,R72323
Q3375,
Q3376,
Q3377,
Q3378,
Q3379,
Q3380,R87269
Q3381,R25648
Q3382,
Q3383,
Q3384,
Q3385,
Q3386,R99444
Q3387,
Q3388,
Q3389,
Q3390,
Q3391,R95440
Q3392,R53131
Q3393,
Q3394,
Q3395,R58167
Q3396,R48534
Q3397,
Q3398,R14037
Q3399,
Q3400,R17283
Q3401,
Q3402,
Q3403,
Q3404,
Q3405,
Q3406,
Q3407,
Q3408,
Q3409,
Q3410,
Q3411,
Q3412,
Q3413,
Q3414,
Q3415,
Q3416,
Q3417,
Q3418,
Q3419,
Q3420,
Q3421,R86639
Q3422,
Q3423,R99263
Q3424,R68284
Q3425,R71723
Q3426,
Q3427,
Q3428,
Q3429,
Q3430,
Q3431,
Q3432,
Q3433,R73517
Q3434,
Q3435,
Q3436,
Q3437,
Q3438,
Q3439,
Q3440,R63337
Q3441,
Q3442,
Q3443,
Q3444,R64775
Q3445,
Q3446,R29006
Q3447,R47416
Q3448,
Q3449,
Q3450,
Q3451,
Q3452,
Q3453,
Q3454,R45353
Q3455,
Q3456,
Q3457,
Q3458,R46260
Q3459,
Q3460,
Q3461,
Q3462,
Q3463,
Q3464,R72373
Q3465,
Q3466,
Q3467,R86199
Q3468,
Q3469,
Q3470,
Q3471,
Q3472,
Q3473,
Q3474,R48525
Q3475,
Q3476,
Q3477,R86969
Q3478,
Q3479,
Q3480,
Q3481,
Q3482,
Q3483,
Q3484,
Q3485,
Q3486,
Q3487,
Q3488,
Q3489,
Q3490,
Q3491,
Q3492,
Q3493,
Q3494,
Q3495,
Q3496,
Q3497,
Q3498,
Q3499,
Q3500,R56666
Q3501,
Q3502,R10542
Q3503,
Q3504,R07157
Q3505,
Q3506,R48375
Q3507,
Q3508,R59756
Q3509,
Q3510,
Q3511,
Q3512,
Q3513,
Q3514,
Q3515,R19449
Q3516,
Q3517,
Q3518,
Q3519,
Q3520,R54246
Q3521,
Q3522,R86589
Q3523,
Q3524,
Q3525,
Q3526,
Q3527,
Q3528,
Q3529,
Q3530,
Q3531,R74236
Q3532,R83616
Q3533,
Q3534,
Q3535,R96678
Q3536,
Q3537,
Q3538,
Q3539,
Q3540,
Q3541,R72695
Q3542,
Q3543,
Q3544,
Q3545,
Q3546,R57521
Q3547,R15358
Q3548,R97707
Q3549,
Q3550,R70523
Q3551,
Q3552,
Q3553,R14614
Q3554,
Q3555,
Q3556,
Q3557,
Q3558,
Q3559,
Q3560,
Q3561,
Q3562,
Q3563,R20669
Q3564,
Q3565,
Q3566,
Q3567,
Q3568,
Q3569,
Q3570,
Q3571,
Q3572,
Q3573,R51001
Q3574,
Q3575,
Q3576,
Q3577,
Q3578,
Q3579,
Q3580,
Q3581,R46564
Q3582,R29272
Q3583,
Q3584,R48584
Q3585,R80252
Q3586,R91312
Q3587,
Q3588,
Q3589,R30311
Q3590,
Q3591,
Q3592,
Q3593,
Q3594,
Q3595,R92028
Q3596,R15480
Q3597,
Q3598,
Q3599,
Q3600,
Q3601,
Q3602,
Q3603,
Q3604,R47064
Q3605,
Q3606,
Q3607,
Q3608,
Q3609,
Q3610,
Q3611,
Q3612,
Q3613,
Q3614,R82291
Q3615,
Q3616,
Q3617,
Q3618,R86819
Q3619,
Q3620,R61169
Q3621,R57371
Q3622,
Q3623,
Q3624,
Q3625,R28542
Q3626,R54844
Q3627,R07207
Q3628,
Q3629,
Q3630,
Q3631,
Q3632,
Q3633,
Q3634,R98963
Q3635,R53331
Q3636,
Q3637,
Q3638,R72743
Q3639,
Q3640,R50047
Q3641,
Q3642,
Q3643,R11563
Q3644,
Q3645,R84825
Q3646,
Q3647,
Q3648,
Q3649,
Q3650,
Q3651,
Q3652,
Q3653,R58567
Q3654,R40930
Q3655,
Q3656,
Q3657,R69237
Q3658,R31135
Q3659,
Q3660,
Q3661,
Q3662,
Q3663,
Q3664,
Q3665,
Q3666,
Q3667,
Q3668,
Q3669,
Q3670,
Q3671,
Q3672,
Q3673,R85291
Q3674,
Q3675,
Q3676,
Q3677,
Q3678,
Q3679,R59956
Q3680,
Q3681,
Q3682,
Q3683,R97338
Q3684,
Q3685,
Q3686,
Q3687,R89790
Q3688,
Q3689,R60006
Q3690,
Q3691,
Q3692,
Q3693,
Q3694,
Q3695,
Q3696,
Q3697,
Q3698,
Q3699,
Q3700,
Q3701,R14714
Q3702,
Q3703,R56165
Q3704,
Q3705,
Q3706,
Q3707,
Q3708,R95390
Q3709,
Q3710,
Q3711,
Q3712,
Q3713,
Q3714,
Q3715,
Q3716,
Q3717,R10392
Q3718,R51373
Q3719,
Q3720,
Q3721,
Q3722,
Q3723,
Q3724,
Q3725,
Q3726,
Q3727,
Q3728,
Q3729,
Q3730,
Q3731,
Q3732,
Q3733,
Q3734,
Q3735,
Q3736,R24492
Q3737,R26948
Q3738,
Q3739,R28369
Q3740,R88721
Q3741,
Q3742,R13137
Q3743,
Q3744,
Q3745,
Q3746,
Q3747,
Q3748,
Q3749,
Q3750,
Q3751,R37208
Q3752,
Q3753,R39811
Q3754,
Q3755,
Q3756,
Q3757,
Q3758,
Q3759,
Q3760,
Q3761,R65025
Q3762,
Q3763,
Q3764,
Q3765,
Q3766,
Q3767,
Q3768,
Q3769,
Q3770,
Q3771,
Q3772,
Q3773,R88971
Q3774,
Q3775,R26048
Q3776,
Q3777,
Q3778,R68034
Q3779,
Q3780,
Q3781,
Q3782,
Q3783,R60724
Q3784,
Q3785,
Q3786,
Q3787,
Q3788,
Q3789,
Q3790,
Q3791,R28744
Q3792,
Q3793,
Q3794,
Q3795,
Q3796,
Q3797,
Q3798,
Q3799,
Q3800,
Q3801,
Q3802,
Q3803,
Q3804,
Q3805,
Q3806,
Q3807,R13837
Q3808,
Q3809,R49134
Q3810,
Q3811,
Q3812,
Q3813,
Q3814,
Q3815,
Q3816,R06343
Q3817,
Q3818,
Q3819,
Q3820,R70973
Q3821,R68801
Q3822,R64359
Q3823,
Q3824,
Q3825,R96275
Q3826,
Q3827,
Q3828,
Q3829,
Q3830,
Q3831,
Q3832,R98913
Q3833,
Q3834,
Q3835,
Q3836,
Q3837,
Q3838,
Q3839,
Q3840,R22369
Q3841,
Q3842,R10492
Q3843,
Q3844,
Q3845,
Q3846,
Q3847,
Q3848,R36908
Q3849,
Q3850,
Q3851,
Q3852,
Q3853,R22991
Q3854,
Q3855,
Q3856,
Q3857,
Q3858,
Q3859,R82391
Q3860,
Q3861,
Q3862,
Q3863,R30111
Q3864,R81921
Q3865,
Q3866,R25398
Q3867,
Q3868,
Q3869,
Q3870,
Q3871,
Q3872,
Q3873,
Q3874,
Q3875,
Q3876,
Q3877,R78820
Q3878,
Q3879,
Q3880,R88121
Q3881,
Q3882,
Q3883,
Q3884,
Q3885,
Q3886,R30076
Q3887,
Q3888,
Q3889,
Q3890,
Q3891,
Q3892,
Q3893,
Q3894,
Q3895,R66484
Q3896,
Q3897,
Q3898,
Q3899,
Q3900,
Q3901,
Q3902,
Q3903,
Q3904,
Q3905,
Q3906,
Q3907,
Q3908,
Q3909,R21669
Q3910,
Q3911,
Q3912,
Q3913,
Q3914,
Q3915,
Q3916,
Q3917,
Q3918,
Q3919,R92978
Q3920,
Q3921,
Q3922,
Q3923,
Q3924,
Q3925,
Q3926,
Q3927,
Q3928,
Q3929,
Q3930,
Q3931,R07307
Q3932,
Q3933,
Q3934,
Q3935,R51986
Q3936,
Q3937,
Q3938,
Q3939,R78652
Q3940,
Q3941,
Q3942,
Q3943,
Q3944,
Q3945,
Q3946,
Q3947,
Q3948,
Q3949,
Q3950,R94679
Q3951,R23742
Q3952,
Q3953,
Q3954,
Q3955,
Q3956,
Q3957,
Q3958,
Q3959,
Q3960,
Q3961,
Q3962,
Q3963,
Q3964,
Q3965,
Q3966,R38582
Q3967,R63809
Q3968,
Q3969,
Q3970,
Q3971,
Q3972,
Q3973,
Q3974,
Q3975,
Q3976,
Q3977,
Q3978,R81821
Q3979,
Q3980,
Q3981,
Q3982,
Q3983,
Q3984,
Q3985,
Q3986,
Q3987,
Q3988,
Q3989,
Q3990,
Q3991,
Q3992,
Q3993,
Q3994,
Q3995,
Q3996,
Q3997,
Q3998,
Q3999,
Q4000,
Q4001,R85749
Q4002,
Q4003,
Q4004,
Q4005,
Q4006,
Q4007,
Q4008,
Q4009,
Q4010,
Q4011,
Q4012,
Q4013,
Q4014,
Q4015,
Q4016,
Q4017,
Q4018,
Q4019,
Q4020,
Q4021,
Q4022,
Q4023,
Q4024,
Q4025,R17533
Q4026,
Q4027,
Q4028,
Q4029,
Q4030,R22219
Q4031,R12187
Q4032,R68134
Q4033,
Q4034,
Q4035,
Q4036,R59606
Q4037,
Q4038,
Q4039,
Q4040,
Q4041,
Q4042,
Q4043,R09405
Q4044,
Q4045,
Q4046,
Q4047,
Q4048,
Q4049,
Q4050,
Q4051,
Q4052,
Q4053,
Q4054,
Q4055,
Q4056,
Q4057,
Q4058,
Q4059,
Q4060,R41937
Q4061,R38310
Q4062,
Q4063,
Q4064,
Q4065,R86346
Q4066,
Q4067,R44427
Q4068,
Q4069,
Q4070,
Q4071,
Q4072,R42754
Q4073,R77500
Q4074,
Q4075,R91362
Q4076,
Q4077,R18036
Q4078,
Q4079,
Q4080,R65984
Q4081,
Q4082,R36726
Q4083,
Q4084,
Q4085,
Q4086,
Q4087,
Q4088,
Q4089,R58517
Q4090,
Q4091,
Q4092,
Q4093,
Q4094,
Q4095,R59306
Q4096,R72223
Q4097,R95755
Q4098,
Q4099,
Q4100,R71123
Q4101,
Q4102,
Q4103,
Q4104,R46145
Q4105,
Q4106,
Q4107,R62652
Q4108,
Q4109,R57234
Q4110,
Q4111,
Q4112,
Q4113,R56903
Q4114,R37680
Q4115,
Q4116,
Q4117,R22641
Q4118,R69487
Q4119,R15780
Q4120,
Q4121,R99163
Q4122,R97588
Q4123,
Q4124,
Q4125,
Q4126,
Q4127,
Q4128,
Q4129,
Q4130,
Q4131,
Q4132,R18444
Q4133,
Q4134,
Q4135,
Q4136,
Q4137,
Q4138,
Q4139,
Q4140,
Q4141,
Q4142,R42904
Q4143,
Q4144,
Q4145,R85641
Q4146,
Q4147,
Q4148,R31085
Q4149,
Q4150,R86689
Q4151,
Q4152,
Q4153,
Q4154,
Q4155,
Q4156,
Q4157,
Q4158,
Q4159,
Q4160,
Q4161,
Q4162,
Q4163,
Q4164,R14954
Q4165,
Q4166,
Q4167,
Q4168,
Q4169,
Q4170,
Q4171,
Q4172,R44577
Q4173,
Q4174,
Q4175,
Q4176,
Q4177,
Q4178,
Q4179,
Q4180,R77200
Q4181,R62552
Q4182,
Q4183,
Q4184,
Q4185,
Q4186,R30819
Q4187,
Q4188,
Q4189,
Q4190,
Q4191,
Q4192,
Q4193,
Q4194,R34745
Q4195,
Q4196,
Q4197,
Q4198,
Q4199,R63071
Q4200,R18175
Q4201,R63221
Q4202,
Q4203,
Q4204,R38932
Q4205,R51014
Q4206,
Q4207,
Q4208,
Q4209,R16080
Q4210,
Q4211,
Q4212,
Q4213,
Q4214,
Q4215,
Q4216,
Q4217,R70306
Q4218,
Q4219,
Q4220,R43004
Q4221,
Q4222,
Q4223,
Q4224,
Q4225,
Q4226,
Q4227,
Q4228,
Q4229,
Q4230,
Q4231,
Q4232,R58217
Q4233,
Q4234,
Q4235,
Q4236,
Q4237,
Q4238,
Q4239,
Q4240,
Q4241,
Q4242,
Q4243,
Q4244,
Q4245,
Q4246,
Q4247,R37630
Q4248,
Q4249,
Q4250,
Q4251,
Q4252,R14087
Q4253,
Q4254,
Q4255,
Q4256,
Q4257,
Q4258,
Q4259,R46414
Q4260,
Q4261,
Q4262,
Q4263,
Q4264,
Q4265,
Q4266,
Q4267,R13537
Q4268,R65894
Q4269,R93278
Q4270,
Q4271,
Q4272,
Q4273,
Q4274,
Q4275,
Q4276,
Q4277,
Q4278,
Q4279,
Q4280,
Q4281,R65794
Q4282,R83784
Q4283,R54396
Q4284,
Q4285,
Q4286,
Q4287,
Q4288,
Q4289,
Q4290,
Q4291,
Q4292,R73986
Q4293,R49604
Q4294,
Q4295,
Q4296,R78823
Q4297,
Q4298,
Q4299,
Q4300,
Q4301,
Q4302,
Q4303,
Q4304,
Q4305,R27682
Q4306,R57571
Q4307,
Q4308,
Q4309,R31385
Q4310,
Q4311,
Q4312,
Q4313,
Q4314,
Q4315,
Q4316,
Q4317,
Q4318,
Q4319,R47905
Q4320,
Q4321,
Q4322,
Q4323,
Q4324,
Q4325,
Q4326,
Q4327,
Q4328,
Q4329,
Q4330,
Q4331,
Q4332,
Q4333,
Q4334,
Q4335,
Q4336,
Q4337,
Q4338,
Q4339,
Q4340,
Q4341,R38882
Q4342,
Q4343,
Q4344,
Q4345,R71673
Q4346,
Q4347,R55294
Q4348,
Q4349,
Q4350,
Q4351,
Q4352,
Q4353,R69137
Q4354,R70457
Q4355,
Q4356,
Q4357,
Q4358,
Q4359,R25898
Q4360,
Q4361,
Q4362,R21019
Q4363,
Q4364,
Q4365,
Q4366,
Q4367,
Q4368,
Q4369,
Q4370,
Q4371,
Q4372,
Q4373,R83091
Q4374,
Q4375,
Q4376,
Q4377,
Q4378,R24692
Q4379,
Q4380,
Q4381,R45453
Q4382,
Q4383,R71573
Q4384,
Q4385,
Q4386,
Q4387,
Q4388,
Q4389,
Q4390,
Q4391,
Q4392,
Q4393,
Q4394,
Q4395,R72545
Q4396,
Q4397,
Q4398,
Q4399,
Q4400,
Q4401,
Q4402,
Q4403,
Q4404,
Q4405,R09055
Q4406,
Q4407,
Q4408,
Q4409,R49728
Q4410,
Q4411,
Q4412,
Q4413,
Q4414,
Q4415,R44227
Q4416,
Q4417,R32784
Q4418,R86496
Q4419,
Q4420,
Q4421,
Q4422,
Q4423,
Q4424,
Q4425,
Q4426,
Q4427,
Q4428,
Q4429,
Q4430,
Q4431,R69954
Q4432,
Q4433,R14764
Q4434,
Q4435,
Q4436,
Q4437,R36075
Q4438,
Q4439,
Q4440,
Q4441,
Q4442,
Q4443,
Q4444,R56466
Q4445,R65103
Q4446,
Q4447,
Q4448,
Q4449,
Q4450,
Q4451,R89590
Q4452,
Q4453,
Q4454,R79023
Q4455,
Q4456,
Q4457,
Q4458,
Q4459,
Q4460,
Q4461,
Q4462,
Q4463,
Q4464,
Q4465,
Q4466,
Q4467,
Q4468,
Q4469,
Q4470,
Q4471,
Q4472,
Q4473,
Q4474,
Q4475,
Q4476,
Q4477,
Q4478,
Q4479,R74486
Q4480,
Q4481,
Q4482,
Q4483,
Q4484,
Q4485,R48884
Q4486,
Q4487,
Q4488,
Q4489,
Q4490,R72993
Q4491,
Q4492,
Q4493,
Q4494,
Q4495,
Q4496,
Q4497,R81521
Q4498,
Q4499,
Q4500,
Q4501,R40161
Q4502,
Q4503,
Q4504,R42704
Q4505,
Q4506,
Q4507,R45603
Q4508,
Q4509,
Q4510,
Q4511,R60474
Q4512,
Q4513,
Q4514,
Q4515,R92523
Q4516,
Q4517,
Q4518,
Q4519,
Q4520,
Q4521,
Q4522,
Q4523,
Q4524,
Q4525,R95855
Q4526,R83316
Q4527,
Q4528,R98424
Q4529,
Q4530,
Q4531,
Q4532,
Q4533,
Q4534,
Q4535,
Q4536,
Q4537,
Q4538,
Q4539,
Q4540,
Q4541,R73119
Q4542,
Q4543,
Q4544,
Q4545,
Q4546,
Q4547,
Q4548,
Q4549,R51586
Q4550,
Q4551,R73367
Q4552,
Q4553,
Q4554,R38632
Q4555,
Q4556,
Q4557,
Q4558,
Q4559,
Q4560,
Q4561,
Q4562,R48275
Q4563,
Q4564,
Q4565,R89040
Q4566,
Q4567,
Q4568,
Q4569,
Q4570,
Q4571,
Q4572,
Q4573,R11649
Q4574,
Q4575,
Q4576,
Q4577,R63959
Q4578,
Q4579,
Q4580,R19599
Q4581,
Q4582,R38210
Q4583,
Q4584,
Q4585,
Q4586,R30211
Q4587,R38682
Q4588,
Q4589,
Q4590,
Q4591,R94175
Q4592,
Q4593,R32884
Q4594,R83141
Q4595,
Q4596,
Q4597,
Q4598,
Q4599,
Q4600,
Q4601,
Q4602,
Q4603,
Q4604,
Q4605,
Q4606,
Q4607,
Q4608,R94074
Q4609,
Q4610,
Q4611,
Q4612,
Q4613,
Q4614,R85691
Q4615,
Q4616,
Q4617,
Q4618,
Q4619,
Q4620,R96075
Q4621,
Q4622,
Q4623,R97538
Q4624,R57671
Q4625,
Q4626,
Q4627,
Q4628,
Q4629,
Q4630,
Q4631,
Q4632,R94785
Q4633,
Q4634,
Q4635,
Q4636,
Q4637,
Q4638,
Q4639,
Q4640,
Q4641,R76900
Q4642,
Q4643,
Q4644,
Q4645,
Q4646,
Q4647,
Q4648,
Q4649,
Q4650,R32984
Q4651,
Q4652,
Q4653,
Q4654,
Q4655,R84075
Q4656,
Q4657,
Q4658,
Q4659,
Q4660,
Q4661,R33771
Q4662,
Q4663,
Q4664,
Q4665,
Q4666,
Q4667,
Q4668,R94361
Q4669,
Q4670,
Q4671,
Q4672,
Q4673,
Q4674,
Q4675,
Q4676,
Q4677,R46360
Q4678,
Q4679,R96728
Q4680,
Q4681,
Q4682,
Q4683,
Q4684,
Q4685,
Q4686,
Q4687,R80594
Q4688,
Q4689,
Q4690,
Q4691,
Q4692,
Q4693,R65403
Q4694,
Q4695,
Q4696,R43354
Q4697,R54546
Q4698,
Q4699,
Q4700,
Q4701,
Q4702,
Q4703,
Q4704,
Q4705,
Q4706,
Q4707,
Q4708,
Q4709,
Q4710,
Q4711,
Q4712,
Q4713,
Q4714,
Q4715,
Q4716,
Q4717,R75097
Q4718,
Q4719,
Q4720,R68484
Q4721,
Q4722,
Q4723,
Q4724,
Q4725,
Q4726,
Q4727,
Q4728,
Q4729,
Q4730,
Q4731,
Q4732,
Q4733,
Q4734,R55815
Q4735,R65553
Q4736,
Q4737,
Q4738,
Q4739,
Q4740,
Q4741,
Q4742,R36025
Q4743,
Q4744,
Q4745,
Q4746,
Q4747,
Q4748,
Q4749,
Q4750,
Q4751,
Q4752,
Q4753,
Q4754,
Q4755,
Q4756,R41180
Q4757,
Q4758,
Q4759,
Q4760,
Q4761,R64725
Q4762,
Q4763,
Q4764,
Q4765,
Q4766,R85699
Q4767,
Q4768,
Q4769,
Q4770,
Q4771,
Q4772,
Q4773,R68901
Q4774,
Q4775,
Q4776,
Q4777,
Q4778,
Q4779,R12337
Q4780,
Q4781,R56616
Q4782,
Q4783,
Q4784,R24592
Q4785,
Q4786,R27882
Q4787,
Q4788,R74586
Q4789,
Q4790,
Q4791,
Q4792,
Q4793,
Q4794,
Q4795,
Q4796,R24542
Q4797,
Q4798,
Q4799,
Q4800,R68234
Q4801,
Q4802,
Q4803,
Q4804,
Q4805,
Q4806,
Q4807,
Q4808,
Q4809,
Q4810,
Q4811,
Q4812,
Q4813,
Q4814,
Q4815,R21319
Q4816,
Q4817,R72843
Q4818,
Q4819,
Q4820,
Q4821,
Q4822,R45735
Q4823,
Q4824,R78525
Q4825,
Q4826,
Q4827,
Q4828,
Q4829,
Q4830,
Q4831,
Q4832,
Q4833,
Q4834,R13687
Q4835,
Q4836,
Q4837,R73317
Q4838,R23792
Q4839,R78425
Q4840,
Q4841,
Q4842,R40311
Q4843,
Q4844,
Q4845,
Q4846,
Q4847,
Q4848,R08879
Q4849,
Q4850,
Q4851,
Q4852,
Q4853,
Q4854,R75997
Q4855,
Q4856,R60927
Q4857,R56820
Q4858,
Q4859,
Q4860,
Q4861,
Q4862,
Q4863,
Q4864,
Q4865,R53846
Q4866,
Q4867,R98613
Q4868,
Q4869,R16030
Q4870,R29429
Q4871,
Q4872,
Q4873,
Q4874,R23141
Q4875,R55594
Q4876,R61954
Q4877,
Q4878,R66984
Q4879,
Q4880,
Q4881,
Q4882,
Q4883,R87374
Q4884,
Q4885,
Q4886,
Q4887,
Q4888,
Q4889,R73219
Q4890,
Q4891,
Q4892,
Q4893,
Q4894,
Q4895,
Q4896,
Q4897,
Q4898,
Q4899,
Q4900,
Q4901,R34395
Q4902,
Q4903,
Q4904,
Q4905,
Q4906,R75447
Q4907,
Q4908,R79623
Q4909,R25148
Q4910,
Q4911,
Q4912,
Q4913,
Q4914,
Q4915,R49704
Q4916,
Q4917,R98513
Q4918,R07407
Q4919,
Q4920,
Q4921,
Q4922,
Q4923,
Q4924,R96375
Q4925,
Q4926,
Q4927,
Q4928,
Q4929,R66284
Q4930,
Q4931,
Q4932,R58001
Q4933,
Q4934,
Q4935,
Q4936,
Q4937,
Q4938,R42854
Q4939,
Q4940,
Q4941,
Q4942,
Q4943,
Q4944,
Q4945,
Q4946,R38260
Q4947,
Q4948,
Q4949,
Q4950,R87671
Q4951,
Q4952,R92823
Q4953,
Q4954,
Q4955,R84233
Q4956,
Q4957,
Q4958,
Q4959,R91512
Q4960,
Q4961,
Q4962,
Q4963,
Q4964,
Q4965,
Q4966,R84283
Q4967,
Q4968,
Q4969,
Q4970,
Q4971,
Q4972,
Q4973,
Q4974,R56770
Q4975,
Q4976,
Q4977,
Q4978,
Q4979,
Q4980,
Q4981,
Q4982,
Q4983,
Q4984,
Q4985,R72793
Q4986,
Q4987,
Q4988,
Q4989,
Q4990,
Q4991,
Q4992,
Q4993,R46310
Q4994,
Q4995,R22569
Q4996,
Q4997,
Q4998,
Q4999,
Q5000,
Q5001,
Q5002,
Q5003,
Q5004,R74136
Q5005,
Q5006,
Q5007,
Q5008,
Q5009,R67334
Q5010,
Q5011,
Q5012,
Q5013,
Q5014,
Q5015,R39111
Q5016,
Q5017,
Q5018,
Q5019,R66934
Q5020,
Q5021,
Q5022,
Q5023,
Q5024,R94024
Q5025,
Q5026,
Q5027,
Q5028,
Q5029,
Q5030,
Q5031,
Q5032,
Q5033,
Q5034,
Q5035,
Q5036,
Q5037,R80202
Q5038,
Q5039,
Q5040,
Q5041,R93178
Q5042,
Q5043,
Q5044,
Q5045,
Q5046,
Q5047,
Q5048,R25198
Q5049,R92673
Q5050,
Q5051,
Q5052,
Q5053,
Q5054,
Q5055,
Q5056,
Q5057,
Q5058,
Q5059,
Q5060,
Q5061,
Q5062,
Q5063,
Q5064,R93699
Q5065,
Q5066,R10874
Q5067,R47114
Q5068,
Q5069,
Q5070,R50197
Q5071,
Q5072,
Q5073,
Q5074,
Q5075,
Q5076,
Q5077,
Q5078,
Q5079,
Q5080,
Q5081,
Q5082,R66884
Q5083,
Q5084,
Q5085,
Q5086,
Q5087,R83216
Q5088,
Q5089,R76950
Q5090,
Q5091,
Q5092,
Q5093,R26198
Q5094,
Q5095,
Q5096,
Q5097,
Q5098,
Q5099,
Q5100,
Q5101,
Q5102,
Q5103,
Q5104,
Q5105,
Q5106,R93924
Q5107,
Q5108,
Q5109,R41787
Q5110,
Q5111,
Q5112,
Q5113,
Q5114,
Q5115,
Q5116,R56316
Q5117,
Q5118,
Q5119,
Q5120,
Q5121,
Q5122,
Q5123,R57721
Q5124,R07507
Q5125,
Q5126,R50597
Q5127,
Q5128,
Q5129,
Q5130,
Q5131,
Q5132,
Q5133,R78325
Q5134,
Q5135,
Q5136,R78758
Q5137,
Q5138,
Q5139,
Q5140,
Q5141,
Q5142,
Q5143,
Q5144,
Q5145,
Q5146,R41537
Q5147,
Q5148,
Q5149,
Q5150,
Q5151,
Q5152,
Q5153,
Q5154,
Q5155,
Q5156,
Q5157,
Q5158,
Q5159,
Q5160,
Q5161,
Q5162,
Q5163,
Q5164,
Q5165,
Q5166,
Q5167,
Q5168,
Q5169,
Q5170,
Q5171,
Q5172,
Q5173,
Q5174,
Q5175,
Q5176,
Q5177,
Q5178,
Q5179,
Q5180,
Q5181,
Q5182,
Q5183,
Q5184,
Q5185,R76350
Q5186,
Q5187,
Q5188,R93028
Q5189,
Q5190,
Q5191,
Q5192,
Q5193,
Q5194,
Q5195,
Q5196,
Q5197,
Q5198,R66384
Q5199,
Q5200,
Q5201,R98763
Q5202,
Q5203,
Q5204,R13337
Q5205,
Q5206,
Q5207,
Q5208,
Q5209,R97488
Q5210,
Q5211,
Q5212,
Q5213,
Q5214,
Q5215,
Q5216,
Q5217,
Q5218,R49034
Q5219,R36676
Q5220,
Q5221,
Q5222,
Q5223,
Q5224,
Q5225,
Q5226,
Q5227,
Q5228,R70156
Q5229,
Q5230,
Q5231,
Q5232,R30261
Q5233,
Q5234,R21169
Q5235,R20969
Q5236,
Q5237,
Q5238,
Q5239,
Q5240,
Q5241,R74336
Q5242,R55915
Q5243,
Q5244,
Q5245,R87424
Q5246,
Q5247,
Q5248,
Q5249,R86049
Q5250,R08629
Q5251,
Q5252,
Q5253,
Q5254,
Q5255,R96472
Q5256,R40361
Q5257,R31966
Q5258,
Q5259,
Q5260,
Q5261,
Q5262,
Q5263,
Q5264,
Q5265,R81244
Q5266,R75147
Q5267,
Q5268,R64509
Q5269,
Q5270,
Q5271,
Q5272,
Q5273,
Q5274,
Q5275,
Q5276,
Q5277,R80694
Q5278,
Q5279,
Q5280,
Q5281,R56853
Q5282,
Q5283,R68384
Q5284,
Q5285,
Q5286,
Q5287,
Q5288,
Q5289,
Q5290,
Q5291,
Q5292,
Q5293,R61027
Q5294,R70673
Q5295,
Q5296,
Q5297,
Q5298,
Q5299,R40411
Q5300,
Q5301,R78708
Q5302,
Q5303,
Q5304,
Q5305,
Q5306,
Q5307,
Q5308,
Q5309,
Q5310,R53796
Q5311,R44327
Q5312,
Q5313,R76063
Q5314,
Q5315,
Q5316,
Q5317,
Q5318,
Q5319,
Q5320,R22119
Q5321,
Q5322,R66334
Q5323,
Q5324,
Q5325,
Q5326,
Q5327,
Q5328,
Q5329,
Q5330,R13637
Q5331,
Q5332,
Q5333,
Q5334,
Q5335,
Q5336,
Q5337,
Q5338,
Q5339,
Q5340,
Q5341,
Q5342,
Q5343,
Q5344,
Q5345,
Q5346,
Q5347,R50447
Q5348,
Q5349,
Q5350,
Q5351,
Q5352,
Q5353,
Q5354,
Q5355,
Q5356,
Q5357,
Q5358,
Q5359,
Q5360,
Q5361,
Q5362,R30161
Q5363,
Q5364,
Q5365,
Q5366,
Q5367,
Q5368,
Q5369,
Q5370,
Q5371,R65844
Q5372,
Q5373,
Q5374,
Q5375,
Q5376,
Q5377,R56670
Q5378,
Q5379,
Q5380,
Q5381,
Q5382,
Q5383,
Q5384,
Q5385,
Q5386,
Q5387,
Q5388,R79802
Q5389,
Q5390,
Q5391,
Q5392,
Q5393,
Q5394,R52681
Q5395,
Q5396,
Q5397,R73019
Q5398,
Q5399,
Q5400,R51686
Q5401,R58101
Q5402,
Q5403,
Q5404,
Q5405,
Q5406,
Q5407,
Q5408,
Q5409,
Q5410,
Q5411,
Q5412,
Q5413,
Q5414,
Q5415,R53496
Q5416,
Q5417,R31695
Q5418,
Q5419,
Q5420,
Q5421,
Q5422,
Q5423,
Q5424,
Q5425,
Q5426,
Q5427,R62971
Q5428,
Q5429,
Q5430,R91728
Q5431,
Q5432,
Q5433,
Q5434,
Q5435,R82441
Q5436,
Q5437,
Q5438,
Q5439,R07807
Q5440,R55965
Q5441,
Q5442,
Q5443,R93974
Q5444,R25348
Q5445,R85949
Q5446,
Q5447,
Q5448,R17736
Q5449,
Q5450,
Q5451,
Q5452,
Q5453,
Q5454,
Q5455,R79223
Q5456,R71873
Q5457,
Q5458,
Q5459,
Q5460,
Q5461,R88021
Q5462,R82691
Q5463,
Q5464,
Q5465,
Q5466,
Q5467,
Q5468,
Q5469,R84133
Q5470,R41430
Q5471,
Q5472,R11363
Q5473,
Q5474,
Q5475,
Q5476,
Q5477,
Q5478,
Q5479,
Q5480,
Q5481,
Q5482,
Q5483,
Q5484,R36275
Q5485,
Q5486,
Q5487,
Q5488,
Q5489,
Q5490,
Q5491,
Q5492,R92928
Q5493,
Q5494,
Q5495,
Q5496,
Q5497,
Q5498,
Q5499,
Q5500,
Q5501,
Q5502,
Q5503,R80544
Q5504,R43755
Q5505,
Q5506,R41887
Q5507,
Q5508,
Q5509,
Q5510,
Q5511,
Q5512,
Q5513,
Q5514,
Q5515,
Q5516,
Q5517,R88871
Q5518,R47164
Q5519,R61469
Q5520,
Q5521,
Q5522,
Q5523,
Q5524,
Q5525,
Q5526,
Q5527,
Q5528,
Q5529,
Q5530,R53546
Q5531,
Q5532,R78225
Q5533,
Q5534,R37780
Q5535,R49334
Q5536,R40211
Q5537,R86446
Q5538,
Q5539,
Q5540,R37108
Q5541,R90986
Q5542,
Q5543,
Q5544,
Q5545,
Q5546,
Q5547,R85491
Q5548,R50497
Q5549,
Q5550,
Q5551,
Q5552,
Q5553,R45003
Q5554,R63387
Q5555,
Q5556,
Q5557,
Q5558,R18844
Q5559,
Q5560,
Q5561,
Q5562,
Q5563,R84433
Q5564,
Q5565,
Q5566,R35252
Q5567,
Q5568,
Q5569,
Q5570,R70106
Q5571,
Q5572,
Q5573,
Q5574,
Q5575,
Q5576,
Q5577,
Q5578,
Q5579,R56516
Q5580,
Q5581,
Q5582,R48684
Q5583,R91136
Q5584,R83734
Q5585,
Q5586,
Q5587,
Q5588,R71373
Q5589,
Q5590,
Q5591,
Q5592,
Q5593,R50751
Q5594,
Q5595,
Q5596,
Q5597,
Q5598,R21969
Q5599,
Q5600,
Q5601,
Q5602,
Q5603,
Q5604,
Q5605,
Q5606,
Q5607,
Q5608,
Q5609,
Q5610,R73736
Q5611,
Q5612,
Q5613,R15208
Q5614,
Q5615,
Q5616,
Q5617,
Q5618,
Q5619,R27098
Q5620,
Q5621,R78191
Q5622,
Q5623,
Q5624,
Q5625,
Q5626,
Q5627,
Q5628,R36325
Q5629,
Q5630,
Q5631,
Q5632,
Q5633,
Q5634,R24856
Q5635,
Q5636,
Q5637,R71073
Q5638,
Q5639,
Q5640,
Q5641,R43905
Q5642,
Q5643,
Q5644,
Q5645,
Q5646,
Q5647,
Q5648,
Q5649,
Q5650,R71223
Q5651,
Q5652,R24342
Q5653,
Q5654,
Q5655,
Q5656,
Q5657,
Q5658,R17936
Q5659,
Q5660,
Q5661,
Q5662,
Q5663,
Q5664,R10342
Q5665,
Q5666,
Q5667,
Q5668,
Q5669,
Q5670,
Q5671,
Q5672,
Q5673,R33571
Q5674,R43104
Q5675,
Q5676,
Q5677,
Q5678,
Q5679,
Q5680,R88271
Q5681,R06094
Q5682,
Q5683,R41637
Q5684,
Q5685,
Q5686,R22169
Q5687,R43704
Q5688,
Q5689,
Q5690,
Q5691,
Q5692,
Q5693,
Q5694,
Q5695,
Q5696,
Q5697,R49284
Q5698,
Q5699,R79323
Q5700,
Q5701,R39661
Q5702,R97028
Q5703,
Q5704,
Q5705,R16783
Q5706,
Q5707,R97757
Q5708,
Q5709,
Q5710,
Q5711,
Q5712,R94935
Q5713,
Q5714,
Q5715,
Q5716,
Q5717,R74436
Q5718,
Q5719,R28019
Q5720,
Q5721,
Q5722,
Q5723,
Q5724,
Q5725,
Q5726,R83684
Q5727,
Q5728,R59017
Q5729,
Q5730,
Q5731,
Q5732,
Q5733,
Q5734,
Q5735,
Q5736,
Q5737,
Q5738,
Q5739,
Q5740,
Q5741,R51223
Q5742,
Q5743,R36175
Q5744,R35782
Q5745,
Q5746,
Q5747,
Q5748,R95705
Q5749,
Q5750,
Q5751,R42314
Q5752,R09811
Q5753,R72595
Q5754,
Q5755,
Q5756,R29629
Q5757,
Q5758,
Q5759,
Q5760,R45935
Q5761,
Q5762,
Q5763,
Q5764,R36858
Q5765,
Q5766,
Q5767,
Q5768,
Q5769,
Q5770,
Q5771,
Q5772,R75797
Q5773,
Q5774,
Q5775,
Q5776,
Q5777,
Q5778,
Q5779,R45835
Q5780,
Q5781,
Q5782,R46764
Q5783,R16512
Q5784,
Q5785,R57951
Q5786,
Q5787,R16933
Q5788,R01619
Q5789,
Q5790,
Q5791,R10292
Q5792,
Q5793,
Q5794,
Q5795,
Q5796,
Q5797,R88921
Q5798,
Q5799,
Q5800,R72073
Q5801,
Q5802,
Q5803,
Q5804,R76213
Q5805,
Q5806,
Q5807,R36425
Q5808,
Q5809,R37880
Q5810,
Q5811,
Q5812,R74944
Q5813,R51736
Q5814,
Q5815,
Q5816,
Q5817,
Q5818,
Q5819,
Q5820,
Q5821,
Q5822,
Q5823,
Q5824,
Q5825,
Q5826,
Q5827,R24756
Q5828,
Q5829,
Q5830,
Q5831,
Q5832,R17586
Q5833,
Q5834,
Q5835,
Q5836,
Q5837,
Q5838,R06957
Q5839,
Q5840,
Q5841,
Q5842,
Q5843,R73786
Q5844,
Q5845,
Q5846,R43855
Q5847,
Q5848,
Q5849,
Q5850,
Q5851,
Q5852,
Q5853,
Q5854,
Q5855,
Q5856,
Q5857,
Q5858,
Q5859,
Q5860,
Q5861,
Q5862,
Q5863,
Q5864,
Q5865,
Q5866,
Q5867,
Q5868,
Q5869,
Q5870,
Q5871,
Q5872,
Q5873,R90684
Q5874,
Q5875,
Q5876,
Q5877,
Q5878,
Q5879,
Q5880,
Q5881,
Q5882,R12787
Q5883,R77801
Q5884,R87571
Q5885,
Q5886,
Q5887,
Q5888,
Q5889,R64975
Q5890,
Q5891,
Q5892,
Q5893,R99823
Q5894,
Q5895,R70573
Q5896,R84564
Q5897,
Q5898,
Q5899,
Q5900,
Q5901,
Q5902,
Q5903,
Q5904,
Q5905,
Q5906,
Q5907,
Q5908,R79952
Q5909,
Q5910,
Q5911,R70623
Q5912,
Q5913,
Q5914,
Q5915,
Q5916,
Q5917,R71423
Q5918,R76113
Q5919,
Q5920,
Q5921,
Q5922,R49828
Q5923,
Q5924,
Q5925,
Q5926,
Q5927,
Q5928,
Q5929,R81971
Q5930,
Q5931,
Q5932,
Q5933,
Q5934,
Q5935,
Q5936,
Q5937,R13836
Q5938,
Q5939,
Q5940,
Q5941,
Q5942,
Q5943,
Q5944,R62879
Q5945,
Q5946,
Q5947,
Q5948,
Q5949,R83566
Q5950,
Q5951,
Q5952,
Q5953,
Q5954,
Q5955,
Q5956,R91662
Q5957,
Q5958,
Q5959,
Q5960,
Q5961,
Q5962,
Q5963,
Q5964,
Q5965,R32216
Q5966,R76300
Q5967,
Q5968,
Q5969,R24142
Q5970,
Q5971,
Q5972,R65053
Q5973,
Q5974,R93402
Q5975,
Q5976,
Q5977,R16733
Q5978,
Q5979,
Q5980,R21769
Q5981,
Q5982,
Q5983,
Q5984,
Q5985,
Q5986,
Q5987,
Q5988,
Q5989,
Q5990,
Q5991,
Q5992,
Q5993,
Q5994,
Q5995,
Q5996,
Q5997,R89990
Q5998,
Q5999,
Q6000,
Q6001,
Q6002,R37058
Q6003,
Q6004,
Q6005,
Q6006,
Q6007,
Q6008,
Q6009,
Q6010,R62502
Q6011,R44477
Q6012,
Q6013,R62104
Q6014,
Q6015,R27932
Q6016,
Q6017,
Q6018,R12887
Q6019,R39511
Q6020,R67884
Q6021,R17133
Q6022,
Q6023,
Q6024,
Q6025,
Q6026,R45503
Q6027,
Q6028,
Q6029,
Q6030,
Q6031,
Q6032,
Q6033,
Q6034,
Q6035,
Q6036,
Q6037,
Q6038,
Q6039,
Q6040,
Q6041,
Q6042,
Q6043,
Q6044,
Q6045,
Q6046,R91412
Q6047,
Q6048,
Q6049,
Q6050,
Q6051,
Q6052,
Q6053,
Q6054,
Q6055,
Q6056,
Q6057,
Q6058,
Q6059,
Q6060,
Q6061,
Q6062,
Q6063,
Q6064,R52631
Q6065,
Q6066,
Q6067,
Q6068,R68334
Q6069,
Q6070,
Q6071,R75094
Q6072,R13087
Q6073,
Q6074,
Q6075,
Q6076,
Q6077,
Q6078,
Q6079,
Q6080,
Q6081,
Q6082,
Q6083,
Q6084,R90734
Q6085,
Q6086,
Q6087,
Q6088,
Q6089,
Q6090,
Q6091,R59806
Q6092,
Q6093,
Q6094,R44853
Q6095,
Q6096,
Q6097,
Q6098,R55715
Q6099,
Q6100,
Q6101,
Q6102,
Q6103,
Q6104,R90384
Q6105,
Q6106,
Q6107,
Q6108,
Q6109,
Q6110,
Q6111,
Q6112,
Q6113,
Q6114,
Q6115,R09911
Q6116,
Q6117,
Q6118,
Q6119,
Q6120,
Q6121,
Q6122,
Q6123,
Q6124,
Q6125,R35932
Q6126,
Q6127,
Q6128,R43254
Q6129,
Q6130,
Q6131,R88321
Q6132,
Q6133,
Q6134,R32166
Q6135,
Q6136,
Q6137,
Q6138,
Q6139,
Q6140,
Q6141,
Q6142,
Q6143,
Q6144,
Q6145,
Q6146,
Q6147,
Q6148,
Q6149,R86396
Q6150,
Q6151,
Q6152,
Q6153,
Q6154,
Q6155,
Q6156,
Q6157,R55694
Q6158,
Q6159,
Q6160,
Q6161,
Q6162,R18594
Q6163,
Q6164,
Q6165,
Q6166,
Q6167,
Q6168,
Q6169,R75497
Q6170,
Q6171,
Q6172,
Q6173,
Q6174,
Q6175,
Q6176,
Q6177,
Q6178,
Q6179,
Q6180,R33871
Q6181,
Q6182,
Q6183,
Q6184,
Q6185,
Q6186,R48634
Q6187,
Q6188,R62154
Q6189,R38782
Q6190,
Q6191,R32316
Q6192,
Q6193,
Q6194,
Q6195,
Q6196,
Q6197,R36526
Q6198,R08107
Q6199,
Q6200,
Q6201,
Q6202,R17786
Q6203,R65253
Q6204,
Q6205,
Q6206,
Q6207,
Q6208,R90534
Q6209,
Q6210,
Q6211,R68434
Q6212,
Q6213,
Q6214,
Q6215,
Q6216,
Q6217,
Q6218,
Q6219,
Q6220,
Q6221,
Q6222,
Q6223,R67584
Q6224,
Q6225,
Q6226,
Q6227,
Q6228,
Q6229,R64925
Q6230,
Q6231,
Q6232,R91036
Q6233,
Q6234,
Q6235,
Q6236,
Q6237,
Q6238,
Q6239,
Q6240,
Q6241,R85849
Q6242,
Q6243,
Q6244,
Q6245,
Q6246,
Q6247,
Q6248,R66534
Q6249,
Q6250,R44527
Q6251,
Q6252,
Q6253,
Q6254,
Q6255,
Q6256,
Q6257,R87369
Q6258,R32516
Q6259,
Q6260,
Q6261,
Q6262,R30935
Q6263,
Q6264,R99113
Q6265,
Q6266,
Q6267,
Q6268,
Q6269,
Q6270,R23091
Q6271,R31486
Q6272,
Q6273,
Q6274,
Q6275,
Q6276,
Q6277,
Q6278,
Q6279,
Q6280,
Q6281,
Q6282,
Q6283,
Q6284,
Q6285,
Q6286,
Q6287,
Q6288,
Q6289,
Q6290,R37830
Q6291,
Q6292,R20181
Q6293,
Q6294,
Q6295,
Q6296,
Q6297,
Q6298,R34071
Q6299,R54894
Q6300,R11987
Q6301,
Q6302,
Q6303,R95505
Q6304,
Q6305,
Q6306,R49997
Q6307,
Q6308,
Q6309,
Q6310,
Q6311,R53696
Q6312,
Q6313,R60056
Q6314,
Q6315,
Q6316,
Q6317,
Q6318,
Q6319,
Q6320,
Q6321,R93849
Q6322,
Q6323,
Q6324,
Q6325,
Q6326,
Q6327,
Q6328,
Q6329,
Q6330,
Q6331,
Q6332,
Q6333,
Q6334,
Q6335,
Q6336,
Q6337,
Q6338,
Q6339,
Q6340,
Q6341,
Q6342,
Q6343,
Q6344,R78275
Q6345,
Q6346,
Q6347,
Q6348,
Q6349,
Q6350,
Q6351,
Q6352,
Q6353,R64875
Q6354,
Q6355,
Q6356,
Q6357,R86099
Q6358,
Q6359,
Q6360,
Q6361,
Q6362,R77250
Q6363,
Q6364,R59506
Q6365,
Q6366,
Q6367,
Q6368,
Q6369,
Q6370,R83893
Q6371,
Q6372,
Q6373,
Q6374,R81344
Q6375,
Q6376,R41130
Q6377,
Q6378,
Q6379,
Q6380,
Q6381,
Q6382,
Q6383,R83834
Q6384,
Q6385,
Q6386,
Q6387,
Q6388,R23292
Q6389,
Q6390,R19931
Q6391,
Q6392,R40511
Q6393,R02067
Q6394,
Q6395,
Q6396,R66084
Q6397,
Q6398,R63659
Q6399,R93552
Q6400,
Q6401,
Q6402,
Q6403,
Q6404,R73617
Q6405,
Q6406,R14904
Q6407,
Q6408,
Q6409,
Q6410,
Q6411,
Q6412,
Q6413,R44177
Q6414,
Q6415,R87971
Q6416,
Q6417,
Q6418,
Q6419,
Q6420,
Q6421,R84614
Q6422,
Q6423,
Q6424,
Q6425,
Q6426,
Q6427,
Q6428,
Q6429,
Q6430,
Q6431,R81194
Q6432,
Q6433,
Q6434,R46814
Q6435,
Q6436,R12587
Q6437,
Q6438,R80344
Q6439,
Q6440,R39411
Q6441,
Q6442,
Q6443,
Q6444,
Q6445,R89090
Q6446,
Q6447,
Q6448,
Q6449,
Q6450,
Q6451,R61569
Q6452,
Q6453,
Q6454,
Q6455,
Q6456,
Q6457,
Q6458,
Q6459,
Q6460,
Q6461,R85025
Q6462,
Q6463,
Q6464,
Q6465,R06857
Q6466,
Q6467,
Q6468,
Q6469,
Q6470,R65603
Q6471,
Q6472,R88621
Q6473,
Q6474,
Q6475,
Q6476,R28644
Q6477,
Q6478,
Q6479,
Q6480,
Q6481,
Q6482,
Q6483,
Q6484,
Q6485,
Q6486,
Q6487,
Q6488,
Q6489,
Q6490,
Q6491,
Q6492,
Q6493,
Q6494,
Q6495,
Q6496,R58617
Q6497,R39061
Q6498,
Q6499,
Q6500,
Q6501,
Q6502,
Q6503,
Q6504,
Q6505,
Q6506,R19199
Q6507,
Q6508,
Q6509,R13887
Q6510,
Q6511,
Q6512,
Q6513,
Q6514,
Q6515,
Q6516,
Q6517,
Q6518,
Q6519,
Q6520,
Q6521,
Q6522,
Q6523,
Q6524,
Q6525,
Q6526,
Q6527,
Q6528,
Q6529,R26748
Q6530,
Q6531,
Q6532,
Q6533,
Q6534,
Q6535,
Q6536,
Q6537,
Q6538,
Q6539,
Q6540,
Q6541,
Q6542,
Q6543,
Q6544,
Q6545,
Q6546,
Q6547,
Q6548,
Q6549,
Q6550,
Q6551,
Q6552,
Q6553,R14537
Q6554,
Q6555,
Q6556,
Q6557,
Q6558,R39961
Q6559,
Q6560,R93228
Q6561,
Q6562,
Q6563,
Q6564,
Q6565,
Q6566,R23892
Q6567,R24948
Q6568,
Q6569,R95027
Q6570,
Q6571,
Q6572,
Q6573,
Q6574,R90134
Q6575,
Q6576,
Q6577,
Q6578,
Q6579,
Q6580,
Q6581,
Q6582,
Q6583,
Q6584,
Q6585,
Q6586,
Q6587,
Q6588,
Q6589,
Q6590,
Q6591,R20869
Q6592,
Q6593,
Q6594,
Q6595,
Q6596,R60827
Q6597,
Q6598,
Q6599,
Q6600,
Q6601,
Q6602,
Q6603,
Q6604,
Q6605,R78973
Q6606,R63459
Q6607,R20231
Q6608,
Q6609,
Q6610,
Q6611,R90784
Q6612,R10592
Q6613,R51786
Q6614,
Q6615,
Q6616,
Q6617,R20031
Q6618,R96381
Q6619,
Q6620,
Q6621,
Q6622,
Q6623,
Q6624,
Q6625,
Q6626,
Q6627,
Q6628,
Q6629,R53231
Q6630,
Q6631,
Q6632,R51023
Q6633,R80444
Q6634,R54596
Q6635,
Q6636,
Q6637,
Q6638,
Q6639,
Q6640,
Q6641,
Q6642,
Q6643,
Q6644,
Q6645,
Q6646,
Q6647,
Q6648,
Q6649,
Q6650,
Q6651,
Q6652,R08929
Q6653,
Q6654,R96225
Q6655,
Q6656,R72943
Q6657,R82591
Q6658,
Q6659,
Q6660,
Q6661,
Q6662,
Q6663,
Q6664,
Q6665,
Q6666,R93799
Q6667,
Q6668,
Q6669,
Q6670,
Q6671,
Q6672,
Q6673,
Q6674,
Q6675,R58967
Q6676,
Q6677,R86769
Q6678,
Q6679,
Q6680,
Q6681,
Q6682,
Q6683,R49234
Q6684,
Q6685,
Q6686,R33921
Q6687,
Q6688,
Q6689,
Q6690,
Q6691,
Q6692,R89490
Q6693,
Q6694,
Q6695,R32616
Q6696,
Q6697,
Q6698,
Q6699,
Q6700,
Q6701,
Q6702,R49851
Q6703,
Q6704,
Q6705,R80152
Q6706,
Q6707,
Q6708,
Q6709,
Q6710,
Q6711,
Q6712,
Q6713,
Q6714,
Q6715,
Q6716,
Q6717,
Q6718,R70873
Q6719,
Q6720,R59206
Q6721,
Q6722,R42804
Q6723,
Q6724,
Q6725,
Q6726,
Q6727,R67534
Q6728,
Q6729,
Q6730,
Q6731,
Q6732,
Q6733,R11074
Q6734,
Q6735,
Q6736,
Q6737,
Q6738,
Q6739,R79652
Q6740,
Q6741,
Q6742,
Q6743,R84925
Q6744,
Q6745,
Q6746,
Q6747,
Q6748,
Q6749,R27148
Q6750,
Q6751,
Q6752,
Q6753,
Q6754,
Q6755,
Q6756,
Q6757,
Q6758,
Q6759,
Q6760,
Q6761,
Q6762,
Q6763,
Q6764,
Q6765,R63171
Q6766,
Q6767,
Q6768,
Q6769,
Q6770,R53646
Q6771,
Q6772,R60824
Q6773,
Q6774,R71773
Q6775,
Q6776,R19149
Q6777,
Q6778,
Q6779,R21869
Q6780,
Q6781,R47705
Q6782,R88471
Q6783,
Q6784,
Q6785,
Q6786,
Q6787,
Q6788,
Q6789,R92178
Q6790,
Q6791,
Q6792,
Q6793,
Q6794,
Q6795,R90184
Q6796,
Q6797,
Q6798,
Q6799,R94325
Q6800,
Q6801,R34221
Q6802,
Q6803,
Q6804,
Q6805,
Q6806,R84025
Q6807,
Q6808,
Q6809,
Q6810,
Q6811,
Q6812,
Q6813,
Q6814,R98007
Q6815,R15730
Q6816,
Q6817,
Q6818,
Q6819,
Q6820,
Q6821,
Q6822,R34121
Q6823,
Q6824,
Q6825,
Q6826,
Q6827,
Q6828,
Q6829,
Q6830,
Q6831,
Q6832,
Q6833,
Q6834,
Q6835,
Q6836,
Q6837,R18125
Q6838,R46664
Q6839,
Q6840,
Q6841,
Q6842,
Q6843,
Q6844,
Q6845,
Q6846,R33334
Q6847,
Q6848,
Q6849,R15530
Q6850,
Q6851,
Q6852,R27306
Q6853,
Q6854,R92473
Q6855,
Q6856,
Q6857,
Q6858,
Q6859,
Q6860,
Q6861,R50801
Q6862,
Q6863,
Q6864,
Q6865,R21469
Q6866,
Q6867,R33671
Q6868,
Q6869,
Q6870,
Q6871,
Q6872,
Q6873,
Q6874,
Q6875,
Q6876,
Q6877,
Q6878,R74636
Q6879,R37430
Q6880,
Q6881,
Q6882,
Q6883,
Q6884,
Q6885,R46160
Q6886,
Q6887,
Q6888,R06457
Q6889,
Q6890,
Q6891,R83416
Q6892,
Q6893,
Q6894,
Q6895,
Q6896,
Q6897,
Q6898,
Q6899,
Q6900,
Q6901,
Q6902,
Q6903,R64659
Q6904,R43204
Q6905,
Q6906,
Q6907,
Q6908,
Q6909,
Q6910,R61319
Q6911,
Q6912,
Q6913,
Q6914,
Q6915,
Q6916,
Q6917,
Q6918,R21719
Q6919,
Q6920,
Q6921,
Q6922,
Q6923,
Q6924,R50701
Q6925,
Q6926,
Q6927,
Q6928,
Q6929,
Q6930,R19749
Q6931,
Q6932,
Q6933,
Q6934,
Q6935,R59706
Q6936,
Q6937,R69904
Q6938,R61219
Q6939,
Q6940,
Q6941,
Q6942,R76550
Q6943,R77941
Q6944,
Q6945,R20131
Q6946,
Q6947,
Q6948,
Q6949,
Q6950,R14387
Q6951,
Q6952,
Q6953,
Q6954,
Q6955,
Q6956,
Q6957,R23992
Q6958,
Q6959,
Q6960,
Q6961,R09861
Q6962,
Q6963,
Q6964,R40111
Q6965,
Q6966,
Q6967,R27994
Q6968,R21069
Q6969,R81621
Q6970,
Q6971,
Q6972,
Q6973,
Q6974,R31645
Q6975,
Q6976,
Q6977,
Q6978,
Q6979,R25548
Q6980,
Q6981,
Q6982,R19699
Q6983,
Q6984,
Q6985,R80052
Q6986,
Q6987,
Q6988,
Q6989,
Q6990,R53181
Q6991,R62921
Q6992,
Q6993,
Q6994,R91562
Q6995,
Q6996,R40880
Q6997,
Q6998,
Q6999,
Q7000,
Q7001,
Q7002,
Q7003,
Q7004,
Q7005,
Q7006,
Q7007,
Q7008,
Q7009,
Q7010,
Q7011,
Q7012,
Q7013,R83634
Q7014,
Q7015,R64059
Q7016,
Q7017,
Q7018,
Q7019,
Q7020,
Q7021,
Q7022,
Q7023,
Q7024,
Q7025,
Q7026,
Q7027,
Q7028,R45635
Q7029,
Q7030,
Q7031,
Q7032,
Q7033,
Q7034,
Q7035,
Q7036,
Q7037,
Q7038,
Q7039,
Q7040,
Q7041,
Q7042,
Q7043,
Q7044,R75597
Q7045,R19831
Q7046,R22419
Q7047,
Q7048,R33971
Q7049,
Q7050,
Q7051,
Q7052,
Q7053,
Q7054,
Q7055,
Q7056,
Q7057,
Q7058,
Q7059,
Q7060,
Q7061,
Q7062,
Q7063,
Q7064,R65203
Q7065,
Q7066,
Q7067,
Q7068,R35652
Q7069,R58317
Q7070,
Q7071,
Q7072,R84183
Q7073,R48934
Q7074,R13937
Q7075,
Q7076,
Q7077,
Q7078,
Q7079,
Q7080,R17233
Q7081,
Q7082,
Q7083,
Q7084,
Q7085,R32566
Q7086,
Q7087,R98663
Q7088,R92723
Q7089,
Q7090,
Q7091,
Q7092,
Q7093,
Q7094,
Q7095,
Q7096,
Q7097,
Q7098,R72473
Q7099,R96522
Q7100,
Q7101,
Q7102,
Q7103,
Q7104,R06044
Q7105,
Q7106,
Q7107,R91712
Q7108,
Q7109,
Q7110,
Q7111,
Q7112,
Q7113,
Q7114,
Q7115,
Q7116,
Q7117,R64309
Q7118,
Q7119,
Q7120,
Q7121,
Q7122,
Q7123,
Q7124,
Q7125,
Q7126,
Q7127,
Q7128,
Q7129,
Q7130,
Q7131,R54346
Q7132,
Q7133,
Q7134,
Q7135,
Q7136,
Q7137,
Q7138,
Q7139,
Q7140,
Q7141,
Q7142,
Q7143,R12437
Q7144,
Q7145,R44277
Q7146,
Q7147,
Q7148,
Q7149,
Q7150,
Q7151,
Q7152,
Q7153,
Q7154,
Q7155,
Q7156,R18744
Q7157,
Q7158,
Q7159,
Q7160,R10774
Q7161,
Q7162,R17636
Q7163,
Q7164,
Q7165,
Q7166,
Q7167,
Q7168,
Q7169,
Q7170,
Q7171,R68951
Q7172,
Q7173,R85391
Q7174,
Q7175,
Q7176,
Q7177,
Q7178,
Q7179,
Q7180,
Q7181,
Q7182,
Q7183,
Q7184,
Q7185,
Q7186,R88221
Q7187,
Q7188,R57851
Q7189,
Q7190,
Q7191,
Q7192,
Q7193,
Q7194,
Q7195,
Q7196,
Q7197,
Q7198,
Q7199,
Q7200,R40261
Q7201,
Q7202,
Q7203,
Q7204,
Q7205,R08257
Q7206,
Q7207,
Q7208,
Q7209,R25998
Q7210,R41487
Q7211,
Q7212,R50247
Q7213,
Q7214,
Q7215,
Q7216,
Q7217,
Q7218,
Q7219,
Q7220,
Q7221,R53946
Q7222,
Q7223,
Q7224,R24392
Q7225,
Q7226,
Q7227,
Q7228,
Q7229,
Q7230,
Q7231,
Q7232,
Q7233,R77300
Q7234,
Q7235,
Q7236,
Q7237,R94124
Q7238,
Q7239,R27206
Q7240,
Q7241,
Q7242,
Q7243,
Q7244,
Q7245,
Q7246,
Q7247,
Q7248,
Q7249,
Q7250,
Q7251,R42654
Q7252,
Q7253,
Q7254,
Q7255,R48425
Q7256,
Q7257,
Q7258,
Q7259,
Q7260,
Q7261,
Q7262,
Q7263,
Q7264,
Q7265,
Q7266,
Q7267,
Q7268,
Q7269,
Q7270,
Q7271,
Q7272,R97388
Q7273,
Q7274,
Q7275,R72023
Q7276,
Q7277,
Q7278,R95555
Q7279,
Q7280,R49778
Q7281,
Q7282,
Q7283,
Q7284,
Q7285,
Q7286,
Q7287,
Q7288,
Q7289,
Q7290,R78375
Q7291,
Q7292,R21619
Q7293,
Q7294,
Q7295,R52607
Q7296,R33234
Q7297,
Q7298,R37330
Q7299,
Q7300,
Q7301,
Q7302,R51436
Q7303,
Q7304,
Q7305,
Q7306,
Q7307,
Q7308,R16230
Q7309,R74036
Q7310,
Q7311,
Q7312,R57801
Q7313,
Q7314,R26848
Q7315,
Q7316,
Q7317,
Q7318,R79123
Q7319,
Q7320,
Q7321,
Q7322,
Q7323,
Q7324,
Q7325,
Q7326,
Q7327,
Q7328,
Q7329,
Q7330,
Q7331,
Q7332,R53381
Q7333,
Q7334,
Q7335,
Q7336,
Q7337,
Q7338,R20331
Q7339,R77751
Q7340,
Q7341,
Q7342,
Q7343,
Q7344,
Q7345,
Q7346,
Q7347,
Q7348,
Q7349,
Q7350,
Q7351,
Q7352,
Q7353,
Q7354,
Q7355,R75197
Q7356,
Q7357,
Q7358,
Q7359,
Q7360,
Q7361,
Q7362,
Q7363,R83975
Q7364,R10061
Q7365,R12487
Q7366,
Q7367,R09305
Q7368,
Q7369,
Q7370,
Q7371,
Q7372,
Q7373,R51123
Q7374,
Q7375,
Q7376,
Q7377,
Q7378,
Q7379,
Q7380,R91462
Q7381,
Q7382,
Q7383,
Q7384,
Q7385,
Q7386,
Q7387,
Q7388,
Q7389,R80894
Q7390,R96325
Q7391,
Q7392,
Q7393,
Q7394,
Q7395,R10974
Q7396,
Q7397,
Q7398,
Q7399,
Q7400,
Q7401,
Q7402,R51636
Q7403,
Q7404,R93502
Q7405,
Q7406,
Q7407,R13287
Q7408,
Q7409,
Q7410,
Q7411,R39911
Q7412,
Q7413,
Q7414,
Q7415,
Q7416,
Q7417,R96778
Q7418,
Q7419,
Q7420,
Q7421,
Q7422,
Q7423,
Q7424,
Q7425,R15158
Q7426,
Q7427,
Q7428,
Q7429,
Q7430,
Q7431,
Q7432,
Q7433,
Q7434,
Q7435,
Q7436,
Q7437,R27048
Q7438,
Q7439,
Q7440,
Q7441,
Q7442,
Q7443,
Q7444,
Q7445,R09505
Q7446,R89690
Q7447,
Q7448,
Q7449,
Q7450,
Q7451,
Q7452,
Q7453,
Q7454,
Q7455,
Q7456,
Q7457,
Q7458,
Q7459,
Q7460,
Q7461,
Q7462,
Q7463,
Q7464,R49503
Q7465,R61127
Q7466,
Q7467,
Q7468,
Q7469,
Q7470,
Q7471,
Q7472,
Q7473,R48734
Q7474,
Q7475,
Q7476,
Q7477,
Q7478,R48834
Q7479,R59856
Q7480,R74694
Q7481,
Q7482,R42087
Q7483,
Q7484,
Q7485,
Q7486,
Q7487,
Q7488,
Q7489,
Q7490,
Q7491,R77991
Q7492,
Q7493,
Q7494,R26298
Q7495,R31795
Q7496,
Q7497,
Q7498,
Q7499,
Q7500,R25498
Q7501,
Q7502,
Q7503,
Q7504,R64409
Q7505,R73248
Q7506,R76600
Q7507,
Q7508,
Q7509,R42477
Q7510,R93352
Q7511,
Q7512,
Q7513,
Q7514,
Q7515,R87436
Q7516,
Q7517,
Q7518,
Q7519,
Q7520,
Q7521,
Q7522,R80002
Q7523,
Q7524,
Q7525,
Q7526,R51073
Q7527,
Q7528,R21819
Q7529,
Q7530,
Q7531,
Q7532,
Q7533,R45985
Q7534,
Q7535,
Q7536,
Q7537,
Q7538,
Q7539,
Q7540,
Q7541,
Q7542,R91778
Q7543,
Q7544,
Q7545,
Q7546,
Q7547,
Q7548,
Q7549,
Q7550,
Q7551,
Q7552,
Q7553,
Q7554,
Q7555,
Q7556,
Q7557,R08529
Q7558,
Q7559,
Q7560,
Q7561,
Q7562,
Q7563,
Q7564,
Q7565,
Q7566,R28219
Q7567,
Q7568,
Q7569,
Q7570,R87521
Q7571,
Q7572,R34945
Q7573,
Q7574,
Q7575,
Q7576,
Q7577,
Q7578,
Q7579,
Q7580,R31945
Q7581,
Q7582,
Q7583,
Q7584,R32416
Q7585,
Q7586,
Q7587,
Q7588,
Q7589,
Q7590,
Q7591,R93302
Q7592,R06507
Q7593,
Q7594,
Q7595,
Q7596,
Q7597,
Q7598,
Q7599,R14487
Q7600,
Q7601,R84383
Q7602,
Q7603,
Q7604,
Q7605,
Q7606,R14854
Q7607,
Q7608,
Q7609,
Q7610,
Q7611,
Q7612,
Q7613,
Q7614,
Q7615,
Q7616,R43604
Q7617,
Q7618,
Q7619,
Q7620,
Q7621,
Q7622,
Q7623,
Q7624,R38732
Q7625,
Q7626,R22791
Q7627,
Q7628,R25698
Q7629,R23542
Q7630,R54196
Q7631,
Q7632,
Q7633,
Q7634,
Q7635,
Q7636,
Q7637,
Q7638,R74386
Q7639,
Q7640,
Q7641,
Q7642,
Q7643,
Q7644,R83166
Q7645,R14287
Q7646,R47166
Q7647,
Q7648,R12287
Q7649,
Q7650,
Q7651,
Q7652,
Q7653,R24292
Q7654,
Q7655,R28956
Q7656,
Q7657,
Q7658,
Q7659,
Q7660,R86299
Q7661,
Q7662,
Q7663,R23492
Q7664,
Q7665,
Q7666,
Q7667,
Q7668,
Q7669,
Q7670,
Q7671,
Q7672,R06144
Q7673,R30985
Q7674,
Q7675,R20581
Q7676,
Q7677,
Q7678,R56566
Q7679,
Q7680,
Q7681,
Q7682,
Q7683,
Q7684,
Q7685,
Q7686,
Q7687,
Q7688,
Q7689,
Q7690,R11263
Q7691,
Q7692,
Q7693,
Q7694,
Q7695,
Q7696,
Q7697,
Q7698,
Q7699,
Q7700,
Q7701,
Q7702,R86919
Q7703,
Q7704,
Q7705,R63759
Q7706,
Q7707,
Q7708,
Q7709,
Q7710,
Q7711,
Q7712,R47216
Q7713,
Q7714,
Q7715,
Q7716,
Q7717,R72123
Q7718,
Q7719,
Q7720,
Q7721,
Q7722,
Q7723,R29876
Q7724,
Q7725,
Q7726,
Q7727,R82241
Q7728,
Q7729,
Q7730,
Q7731,R47366
Q7732,R11224
Q7733,
Q7734,R06907
Q7735,
Q7736,
Q7737,
Q7738,
Q7739,
Q7740,
Q7741,
Q7742,
Q7743,
Q7744,
Q7745,
Q7746,
Q7747,
Q7748,
Q7749,
Q7750,R60374
Q7751,
Q7752,
Q7753,
Q7754,
Q7755,
Q7756,
Q7757,R48784
Q7758,R57284
Q7759,R77550
Q7760,
Q7761,
Q7762,R88071
Q7763,
Q7764,
Q7765,
Q7766,R81888
Q7767,
Q7768,
Q7769,
Q7770,
Q7771,
Q7772,
Q7773,
Q7774,
Q7775,
Q7776,
Q7777,
Q7778,R94225
Q7779,
Q7780,
Q7781,
Q7782,
Q7783,
Q7784,
Q7785,
Q7786,R44377
Q7787,
Q7788,
Q7789,
Q7790,R79273
Q7791,
Q7792,R12387
Q7793,
Q7794,
Q7795,
Q7796,
Q7797,
Q7798,
Q7799,
Q7800,
Q7801,
Q7802,
Q7803,
Q7804,
Q7805,
Q7806,
Q7807,
Q7808,
Q7809,
Q7810,
Q7811,
Q7812,
Q7813,
Q7814,
Q7815,R16180
Q7816,
Q7817,
Q7818,
Q7819,R61704
Q7820,
Q7821,
Q7822,
Q7823,
Q7824,
Q7825,
Q7826,R22269
Q7827,
Q7828,
Q7829,R27406
Q7830,
Q7831,R45403
Q7832,
Q7833,
Q7834,R06657
Q7835,
Q7836,
Q7837,R21219
Q7838,
Q7839,
Q7840,
Q7841,
Q7842,R31185
Q7843,
Q7844,
Q7845,
Q7846,
Q7847,R84464
Q7848,
Q7849,
Q7850,R66434
Q7851,
Q7852,R51486
Q7853,
Q7854,
Q7855,
Q7856,
Q7857,
Q7858,
Q7859,
Q7860,
Q7861,
Q7862,
Q7863,
Q7864,
Q7865,
Q7866,
Q7867,
Q7868,R18275
Q7869,
Q7870,
Q7871,
Q7872,
Q7873,
Q7874,R26098
Q7875,
Q7876,
Q7877,
Q7878,
Q7879,
Q7880,
Q7881,
Q7882,
Q7883,
Q7884,R14437
Q7885,
Q7886,
Q7887,
Q7888,
Q7889,
Q7890,
Q7891,
Q7892,R12237
Q7893,
Q7894,
Q7895,
Q7896,
Q7897,
Q7898,R67034
Q7899,
Q7900,
Q7901,
Q7902,
Q7903,
Q7904,
Q7905,
Q7906,
Q7907,R59556
Q7908,
Q7909,
Q7910,
Q7911,R79523
Q7912,
Q7913,R97128
Q7914,
Q7915,R94529
Q7916,
Q7917,R94835
Q7918,
Q7919,
Q7920,
Q7921,
Q7922,R45553
Q7923,
Q7924,
Q7925,R94729
Q7926,
Q7927,
Q7928,
Q7929,
Q7930,
Q7931,
Q7932,
Q7933,
Q7934,R13487
Q7935,R65503
Q7936,
Q7937,
Q7938,
Q7939,
Q7940,R70723
Q7941,
Q7942,
Q7943,
Q7944,R02101
Q7945,R82741
Q7946,
Q7947,
Q7948,
Q7949,
Q7950,
Q7951,
Q7952,
Q7953,R87444
Q7954,
Q7955,
Q7956,
Q7957,
Q7958,
Q7959,
Q7960,
Q7961,
Q7962,R43927
Q7963,
Q7964,R04761
Q7965,R97438
Q7966,
Q7967,
Q7968,R42237
Q7969,
Q7970,R79473
Q7971,R62452
Q7972,R27356
Q7973,
Q7974,
Q7975,
Q7976,
Q7977,
Q7978,
Q7979,
Q7980,
Q7981,
Q7982,
Q7983,R35602
Q7984,R43705
Q7985,R89640
Q7986,
Q7987,
Q7988,R31745
Q7989,R47566
Q7990,
Q7991,
Q7992,
Q7993,R82891
Q7994,
Q7995,R54496
Q7996,
Q7997,
Q7998,
Q7999,R54146
Q8000,
Q8001,
Q8002,
Q8003,
Q8004,
Q8005,
Q8006,
Q8007,
Q8008,R77601
Q8009,
Q8010,
Q8011,
Q8012,
Q8013,
Q8014,
Q8015,
Q8016,
Q8017,R22691
Q8018,
Q8019,
Q8020,
Q8021,R99394
Q8022,
Q8023,
Q8024,
Q8025,
Q8026,
Q8027,
Q8028,
Q8029,
Q8030,
Q8031,
Q8032,
Q8033,
Q8034,
Q8035,
Q8036,R81094
Q8037,R60424
Q8038,
Q8039,
Q8040,
Q8041,R32066
Q8042,
Q8043,
Q8044,
Q8045,
Q8046,
Q8047,R34595
Q8048,
Q8049,
Q8050,
Q8051,R16380
Q8052,
Q8053,
Q8054,
Q8055,
Q8056,
Q8057,R24642
Q8058,
Q8059,
Q8060,
Q8061,R16833
Q8062,R38064
Q8063,
Q8064,R97807
Q8065,
Q8066,
Q8067,
Q8068,
Q8069,R20531
Q8070,
Q8071,
Q8072,
Q8073,
Q8074,
Q8075,
Q8076,
Q8077,R39311
Q8078,
Q8079,
Q8080,R83266
Q8081,R08579
Q8082,
Q8083,
Q8084,
Q8085,
Q8086,
Q8087,
Q8088,
Q8089,
Q8090,
Q8091,
Q8092,
Q8093,
Q8094,
Q8095,
Q8096,
Q8097,
Q8098,
Q8099,R24806
Q8100,
Q8101,
Q8102,
Q8103,
Q8104,
Q8105,
Q8106,
Q8107,
Q8108,R98157
Q8109,
Q8110,
Q8111,
Q8112,
Q8113,R15104
Q8114,R58817
Q8115,
Q8116,
Q8117,R95177
Q8118,
Q8119,
Q8120,
Q8121,
Q8122,
Q8123,
Q8124,R53481
Q8125,R63859
Q8126,R44653
Q8127,
Q8128,
Q8129,R80102
Q8130,
Q8131,
Q8132,
Q8133,
Q8134,
Q8135,
Q8136,
Q8137,R57153
Q8138,
Q8139,
Q8140,
Q8141,
Q8142,
Q8143,
Q8144,
Q8145,
Q8146,R24192
Q8147,
Q8148,R35202
Q8149,
Q8150,
Q8151,R77150
Q8152,R89440
Q8153,
Q8154,
Q8155,
Q8156,
Q8157,
Q8158,R49901
Q8159,
Q8160,
Q8161,
Q8162,R78873
Q8163,
Q8164,
Q8165,R62852
Q8166,
Q8167,R34695
Q8168,R25948
Q8169,
Q8170,
Q8171,
Q8172,R39611
Q8173,
Q8174,
Q8175,
Q8176,R17886
Q8177,R11513
Q8178,
Q8179,R90634
Q8180,R79073
Q8181,R78041
Q8182,
Q8183,
Q8184,
Q8185,
Q8186,
Q8187,
Q8188,R21519
Q8189,
Q8190,
Q8191,
Q8192,
Q8193,
Q8194,
Q8195,
Q8196,
Q8197,
Q8198,R89190
Q8199,
Q8200,
Q8201,
Q8202,R96125
Q8203,
Q8204,
Q8205,
Q8206,R99013
Q8207,
Q8208,
Q8209,
Q8210,
Q8211,
Q8212,
Q8213,R62402
Q8214,
Q8215,
Q8216,
Q8217,
Q8218,
Q8219,
Q8220,
Q8221,
Q8222,
Q8223,R75347
Q8224,
Q8225,
Q8226,R90084
Q8227,R44027
Q8228,R32116
Q8229,
Q8230,
Q8231,
Q8232,
Q8233,
Q8234,
Q8235,
Q8236,R53281
Q8237,
Q8238,
Q8239,
Q8240,
Q8241,
Q8242,
Q8243,
Q8244,
Q8245,
Q8246,
Q8247,
Q8248,
Q8249,R52881
Q8250,
Q8251,
Q8252,
Q8253,
Q8254,
Q8255,
Q8256,R75397
Q8257,
Q8258,
Q8259,
Q8260,
Q8261,R30569
Q8262,
Q8263,R97238
Q8264,
Q8265,
Q8266,
Q8267,R74894
Q8268,
Q8269,
Q8270,
Q8271,
Q8272,R10674
Q8273,
Q8274,
Q8275,
Q8276,
Q8277,
Q8278,
Q8279,
Q8280,
Q8281,R69037
Q8282,R23041
Q8283,
Q8284,
Q8285,
Q8286,
Q8287,
Q8288,R53996
Q8289,
Q8290,R72173
Q8291,
Q8292,
Q8293,R42037
Q8294,
Q8295,
Q8296,
Q8297,
Q8298,
Q8299,
Q8300,
Q8301,
Q8302,
Q8303,
Q8304,R61269
Q8305,
Q8306,R85191
Q8307,
Q8308,
Q8309,
Q8310,
Q8311,
Q8312,R75247
Q8313,R50651
Q8314,
Q8315,R87169
Q8316,
Q8317,R48225
Q8318,
Q8319,
Q8320,
Q8321,
Q8322,R94429
Q8323,
Q8324,
Q8325,R70004
Q8326,
Q8327,
Q8328,
Q8329,
Q8330,
Q8331,
Q8332,
Q8333,
Q8334,
Q8335,
Q8336,
Q8337,
Q8338,R16280
Q8339,
Q8340,R29279
Q8341,
Q8342,R69854
Q8343,
Q8344,
Q8345,
Q8346,
Q8347,
Q8348,
Q8349,
Q8350,R73298
Q8351,R54744
Q8352,
Q8353,
Q8354,
Q8355,
Q8356,R55644
Q8357,
Q8358,
Q8359,
Q8360,
Q8361,
Q8362,
Q8363,
Q8364,
Q8365,
Q8366,
Q8367,
Q8368,
Q8369,
Q8370,
Q8371,R76163
Q8372,
Q8373,
Q8374,R20769
Q8375,
Q8376,R25248
Q8377,
Q8378,
Q8379,
Q8380,R95883
Q8381,
Q8382,
Q8383,R73836
Q8384,
Q8385,
Q8386,R37730
Q8387,
Q8388,
Q8389,R40461
Q8390,
Q8391,
Q8392,
Q8393,
Q8394,R69537
Q8395,R08829
Q8396,R51273
Q8397,
Q8398,
Q8399,R55765
Q8400,
Q8401,
Q8402,R70507
Q8403,
Q8404,
Q8405,
Q8406,R47466
Q8407,
Q8408,
Q8409,
Q8410,
Q8411,
Q8412,
Q8413,
Q8414,
Q8415,
Q8416,
Q8417,
Q8418,
Q8419,R43977
Q8420,R24092
Q8421,R62254
Q8422,
Q8423,
Q8424,R95277
Q8425,
Q8426,
Q8427,
Q8428,R69387
Q8429,R08007
Q8430,
Q8431,
Q8432,
Q8433,R90284
Q8434,R84333
Q8435,
Q8436,
Q8437,
Q8438,R04032
Q8439,
Q8440,
Q8441,
Q8442,R59406
Q8443,R76800
Q8444,R08729
Q8445,
Q8446,
Q8447,R84725
Q8448,
Q8449,
Q8450,
Q8451,
Q8452,R01044
Q8453,
Q8454,
Q8455,
Q8456,R91086
Q8457,
Q8458,
Q8459,R90040
Q8460,
Q8461,
Q8462,
Q8463,
Q8464,
Q8465,R28544
Q8466,
Q8467,
Q8468,
Q8469,
Q8470,R41737
Q8471,
Q8472,
Q8473,
Q8474,R94411
Q8475,
Q8476,R76850
Q8477,R16533
Q8478,
Q8479,R10624
Q8480,
Q8481,
Q8482,
Q8483,
Q8484,
Q8485,
Q8486,
Q8487,
Q8488,
Q8489,
Q8490,
Q8491,
Q8492,R72893
Q8493,
Q8494,
Q8495,R86739
Q8496,
Q8497,
Q8498,R50547
Q8499,R16883
Q8500,
Q8501,
Q8502,
Q8503,
Q8504,
Q8505,R36375
Q8506,
Q8507,
Q8508,
Q8509,
Q8510,
Q8511,
Q8512,
Q8513,
Q8514,
Q8515,
Q8516,
Q8517,
Q8518,
Q8519,R63409
Q8520,
Q8521,R85441
Q8522,
Q8523,
Q8524,
Q8525,R66584
Q8526,
Q8527,
Q8528,
Q8529,
Q8530,
Q8531,R60977
Q8532,
Q8533,
Q8534,
Q8535,
Q8536,R43154
Q8537,
Q8538,
Q8539,
Q8540,R44603
Q8541,
Q8542,
Q8543,
Q8544,
Q8545,
Q8546,
Q8547,
Q8548,
Q8549,
Q8550,R35302
Q8551,
Q8552,
Q8553,
Q8554,R49654
Q8555,
Q8556,
Q8557,
Q8558,R74844
Q8559,R42954
Q8560,
Q8561,R88421
Q8562,
Q8563,
Q8564,
Q8565,R88521
Q8566,
Q8567,
Q8568,
Q8569,
Q8570,
Q8571,
Q8572,
Q8573,
Q8574,R55394
Q8575,
Q8576,R19499
Q8577,
Q8578,
Q8579,R95933
Q8580,
Q8581,
Q8582,
Q8583,
Q8584,
Q8585,
Q8586,
Q8587,R54694
Q8588,
Q8589,
Q8590,
Q8591,R08307
Q8592,
Q8593,
Q8594,R90334
Q8595,
Q8596,R09705
Q8597,
Q8598,
Q8599,R61854
Q8600,
Q8601,R56366
Q8602,
Q8603,R41030
Q8604,
Q8605,
Q8606,
Q8607,
Q8608,
Q8609,
Q8610,
Q8611,
Q8612,
Q8613,
Q8614,
Q8615,R57103
Q8616,
Q8617,
Q8618,
Q8619,
Q8620,
Q8621,R62352
Q8622,
Q8623,
Q8624,
Q8625,
Q8626,
Q8627,
Q8628,
Q8629,
Q8630,
Q8631,
Q8632,
Q8633,
Q8634,R30519
Q8635,
Q8636,
Q8637,
Q8638,
Q8639,
Q8640,
Q8641,
Q8642,
Q8643,
Q8644,
Q8645,
Q8646,
Q8647,R98357
Q8648,
Q8649,
Q8650,
Q8651,
Q8652,
Q8653,R18325
Q8654,
Q8655,
Q8656,R92241
Q8657,
Q8658,
Q8659,
Q8660,
Q8661,
Q8662,R77891
Q8663,
Q8664,
Q8665,
Q8666,R61754
Q8667,
Q8668,
Q8669,
Q8670,
Q8671,
Q8672,
Q8673,
Q8674,
Q8675,
Q8676,
Q8677,
Q8678,
Q8679,
Q8680,
Q8681,
Q8682,
Q8683,
Q8684,R40761
Q8685,
Q8686,
Q8687,
Q8688,
Q8689,
Q8690,
Q8691,
Q8692,
Q8693,
Q8694,
Q8695,
Q8696,R17383
Q8697,
Q8698,
Q8699,
Q8700,
Q8701,
Q8702,
Q8703,
Q8704,
Q8705,
Q8706,
Q8707,
Q8708,
Q8709,R88771
Q8710,
Q8711,R40711
Q8712,
Q8713,R56953
Q8714,
Q8715,
Q8716,R95077
Q8717,
Q8718,
Q8719,
Q8720,R83516
Q8721,
Q8722,
Q8723,
Q8724,
Q8725,
Q8726,
Q8727,
Q8728,
Q8729,
Q8730,
Q8731,
Q8732,R43504
Q8733,
Q8734,
Q8735,
Q8736,
Q8737,
Q8738,
Q8739,
Q8740,R79852
Q8741,
Q8742,
Q8743,
Q8744,
Q8745,
Q8746,R90834
Q8747,
Q8748,
Q8749,
Q8750,
Q8751,
Q8752,
Q8753,
Q8754,
Q8755,
Q8756,
Q8757,
Q8758,
Q8759,
Q8760,
Q8761,
Q8762,
Q8763,
Q8764,
Q8765,
Q8766,R94735
Q8767,R58267
Q8768,
Q8769,
Q8770,
Q8771,
Q8772,
Q8773,R43805
Q8774,
Q8775,
Q8776,
Q8777,R46135
Q8778,R50901
Q8779,R22319
Q8780,
Q8781,R44127
Q8782,
Q8783,
Q8784,
Q8785,
Q8786,R08379
Q8787,
Q8788,
Q8789,
Q8790,
Q8791,
Q8792,
Q8793,
Q8794,
Q8795,
Q8796,
Q8797,
Q8798,
Q8799,
Q8800,
Q8801,R62054
Q8802,
Q8803,
Q8804,R88821
Q8805,
Q8806,
Q8807,
Q8808,
Q8809,R06244
Q8810,
Q8811,R67684
Q8812,R07907
Q8813,
Q8814,
Q8815,
Q8816,
Q8817,R11599
Q8818,
Q8819,
Q8820,R75947
Q8821,R32366
Q8822,
Q8823,
Q8824,
Q8825,
Q8826,
Q8827,
Q8828,
Q8829,
Q8830,
Q8831,R55244
Q8832,
Q8833,
Q8834,
Q8835,
Q8836,
Q8837,
Q8838,
Q8839,
Q8840,
Q8841,
Q8842,
Q8843,
Q8844,
Q8845,
Q8846,R40061
Q8847,
Q8848,
Q8849,
Q8850,R23342
Q8851,
Q8852,
Q8853,R96025
Q8854,
Q8855,
Q8856,
Q8857,
Q8858,
Q8859,
Q8860,
Q8861,
Q8862,
Q8863,R39032
Q8864,
Q8865,
Q8866,
Q8867,
Q8868,
Q8869,R28442
Q8870,
Q8871,
Q8872,
Q8873,
Q8874,
Q8875,
Q8876,
Q8877,
Q8878,
Q8879,R21369
Q8880,
Q8881,
Q8882,
Q8883,
Q8884,
Q8885,
Q8886,
Q8887,
Q8888,
Q8889,
Q8890,
Q8891,
Q8892,R77100
Q8893,
Q8894,
Q8895,
Q8896,R98374
Q8897,
Q8898,
Q8899,
Q8900,R87119
Q8901,
Q8902,
Q8903,
Q8904,
Q8905,
Q8906,
Q8907,
Q8908,
Q8909,
Q8910,
Q8911,
Q8912,R41437
Q8913,
Q8914,
Q8915,
Q8916,R14564
Q8917,R50097
Q8918,
Q8919,
Q8920,R06393
Q8921,
Q8922,R06707
Q8923,
Q8924,R59456
Q8925,
Q8926,R61669
Q8927,
Q8928,R98207
Q8929,
Q8930,
Q8931,
Q8932,R07757
Q8933,
Q8934,
Q8935,
Q8936,
Q8937,
Q8938,R15108
Q8939,
Q8940,
Q8941,
Q8942,R35832
Q8943,
Q8944,
Q8945,
Q8946,
Q8947,
Q8948,
Q8949,
Q8950,
Q8951,
Q8952,
Q8953,
Q8954,R79752
Q8955,
Q8956,
Q8957,
Q8958,
Q8959,
Q8960,R83041
Q8961,R93078
Q8962,
Q8963,
Q8964,
Q8965,
Q8966,
Q8967,R29579
Q8968,R70056
Q8969,
Q8970,
Q8971,R94275
Q8972,
Q8973,
Q8974,
Q8975,R22891
Q8976,
Q8977,
Q8978,R08157
Q8979,
Q8980,R66134
Q8981,
Q8982,
Q8983,
Q8984,
Q8985,
Q8986,
Q8987,R59356
Q8988,R68754
Q8989,
Q8990,
Q8991,
Q8992,
Q8993,
Q8994,
Q8995,
Q8996,
Q8997,
Q8998,
Q8999,
Q9000,
Q9001,
Q9002,
Q9003,
Q9004,
Q9005,
Q9006,
Q9007,
Q9008,
Q9009,
Q9010,R51836
Q9011,
Q9012,
Q9013,
Q9014,
Q9015,
Q9016,R58051
Q9017,
Q9018,R40661
Q9019,
Q9020,
Q9021,R63909
Q9022,
Q9023,
Q9024,R46085
Q9025,R20719
Q9026,
Q9027,R38482
Q9028,
Q9029,R64209
Q9030,R49553
Q9031,
Q9032,R45785
Q9033,
Q9034,
Q9035,
Q9036,
Q9037,R68184
Q9038,R49951
Q9039,R60256
Q9040,
Q9041,
Q9042,
Q9043,
Q9044,
Q9045,R08429
Q9046,R80294
Q9047,
Q9048,
Q9049,
Q9050,
Q9051,R52336
Q9052,
Q9053,R33521
Q9054,
Q9055,
Q9056,
Q9057,
Q9058,
Q9059,
Q9060,
Q9061,
Q9062,
Q9063,
Q9064,
Q9065,
Q9066,
Q9067,R26448
Q9068,
Q9069,R18344
Q9070,R64662
Q9071,
Q9072,
Q9073,
Q9074,
Q9075,
Q9076,R20081
Q9077,
Q9078,
Q9079,
Q9080,
Q9081,
Q9082,
Q9083,R44077
Q9084,
Q9085,R47755
Q9086,R34021
Q9087,
Q9088,
Q9089,
Q9090,R87069
Q9091,
Q9092,
Q9093,
Q9094,
Q9095,
Q9096,
Q9097,R06757
Q9098,
Q9099,
Q9100,
Q9101,
Q9102,
Q9103,
Q9104,
Q9105,
Q9106,
Q9107,R12987
Q9108,
Q9109,
Q9110,
Q9111,R45053
Q9112,
Q9113,
Q9114,
Q9115,
Q9116,
Q9117,
Q9118,R47655
Q9119,
Q9120,
Q9121,
Q9122,
Q9123,
Q9124,R64159
Q9125,
Q9126,
Q9127,
Q9128,
Q9129,
Q9130,
Q9131,
Q9132,
Q9133,
Q9134,
Q9135,R76047
Q9136,
Q9137,
Q9138,R35402
Q9139,
Q9140,R45153
Q9141,
Q9142,
Q9143,
Q9144,
Q9145,R73069
Q9146,
Q9147,R33621
Q9148,
Q9149,R81294
Q9150,R73467
Q9151,
Q9152,
Q9153,
Q9154,
Q9155,
Q9156,
Q9157,
Q9158,
Q9159,
Q9160,
Q9161,
Q9162,
Q9163,
Q9164,R63021
Q9165,
Q9166,R27576
Q9167,
Q9168,
Q9169,
Q9170,
Q9171,
Q9172,
Q9173,
Q9174,
Q9175,
Q9176,
Q9177,
Q9178,
Q9179,
Q9180,
Q9181,
Q9182,
Q9183,
Q9184,
Q9185,
Q9186,R28794
Q9187,
Q9188,
Q9189,R87319
Q9190,R17483
Q9191,
Q9192,
Q9193,
Q9194,
Q9195,
Q9196,R41080
Q9197,
Q9198,
Q9199,R69604
Q9200,
Q9201,
Q9202,
Q9203,
Q9204,
Q9205,
Q9206,
Q9207,
Q9208,
Q9209,
Q9210,
Q9211,
Q9212,
Q9213,
Q9214,
Q9215,
Q9216,
Q9217,
Q9218,
Q9219,
Q9220,
Q9221,
Q9222,
Q9223,
Q9224,R07607
Q9225,
Q9226,
Q9227,
Q9228,
Q9229,
Q9230,
Q9231,
Q9232,
Q9233,
Q9234,
Q9235,
Q9236,
Q9237,R77000
Q9238,
Q9239,R91828
Q9240,
Q9241,
Q9242,
Q9243,R87219
Q9244,
Q9245,
Q9246,
Q9247,
Q9248,R98107
Q9249,R15054
Q9250,
Q9251,
Q9252,
Q9253,
Q9254,R15408
Q9255,
Q9256,
Q9257,
Q9258,R21419
Q9259,R46864
Q9260,
Q9261,
Q9262,R21569
Q9263,R39211
Q9264,R55444
Q9265,
Q9266,R07007
Q9267,
Q9268,R17033
Q9269,
Q9270,
Q9271,
Q9272,
Q9273,
Q9274,
Q9275,
Q9276,
Q9277,
Q9278,
Q9279,
Q9280,
Q9281,
Q9282,R39711
Q9283,
Q9284,R18894
Q9285,
Q9286,R51936
Q9287,
Q9288,
Q9289,
Q9290,
Q9291,
Q9292,
Q9293,
Q9294,R80744
Q9295,
Q9296,
Q9297,
Q9298,
Q9299,
Q9300,
Q9301,R12087
Q9302,
Q9303,
Q9304,R67984
Q9305,R62890
Q9306,
Q9307,R74086
Q9308,
Q9309,R60574
Q9310,R65694
Q9311,
Q9312,
Q9313,
Q9314,R77050
Q9315,
Q9316,
Q9317,
Q9318,
Q9319,
Q9320,R34445
Q9321,
Q9322,
Q9323,
Q9324,
Q9325,
Q9326,
Q9327,
Q9328,
Q9329,R59106
Q9330,
Q9331,
Q9332,
Q9333,
Q9334,
Q9335,R60324
Q9336,R15258
Q9337,
Q9338,
Q9339,
Q9340,
Q9341,
Q9342,
Q9343,
Q9344,
Q9345,R66684
Q9346,
Q9347,
Q9348,
Q9349,
Q9350,
Q9351,
Q9352,
Q9353,
Q9354,R92623
Q9355,
Q9356,R15308
Q9357,
Q9358,
Q9359,
Q9360,
Q9361,
Q9362,
Q9363,
Q9364,
Q9365,
Q9366,
Q9367,
Q9368,R23592
Q9369,
Q9370,
Q9371,
Q9372,
Q9373,
Q9374,
Q9375,
Q9376,
Q9377,
Q9378,
Q9379,R09355
Q9380,
Q9381,
Q9382,
Q9383,
Q9384,
Q9385,
Q9386,R47605
Q9387,
Q9388,
Q9389,
Q9390,
Q9391,
Q9392,R50147
Q9393,
Q9394,
Q9395,
Q9396,
Q9397,R79702
Q9398,
Q9399,R12937
Q9400,
Q9401,
Q9402,R30619
Q9403,R71823
Q9404,R34495
Q9405,
Q9406,
Q9407,
Q9408,
Q9409,
Q9410,
Q9411,
Q9412,R40811
Q9413,
Q9414,
Q9415,
Q9416,
Q9417,
Q9418,
Q9419,
Q9420,
Q9421,R64259
Q9422,
Q9423,
Q9424,
Q9425,R58667
Q9426,
Q9427,
Q9428,
Q9429,
Q9430,
Q9431,
Q9432,R27982
Q9433,
Q9434,
Q9435,
Q9436,
Q9437,
Q9438,R21919
Q9439,R09755
Q9440,
Q9441,
Q9442,
Q9443,
Q9444,
Q9445,
Q9446,
Q9447,
Q9448,R82991
Q9449,
Q9450,
Q9451,R50347
Q9452,
Q9453,R23392
Q9454,
Q9455,
Q9456,
Q9457,
Q9458,
Q9459,
Q9460,R25848
Q9461,
Q9462,
Q9463,R60774
Q9464,R30026
Q9465,
Q9466,
Q9467,
Q9468,
Q9469,
Q9470,
Q9471,
Q9472,
Q9473,R38164
Q9474,
Q9475,
Q9476,
Q9477,R84775
Q9478,R91236
Q9479,
Q9480,R11799
Q9481,R74994
Q9482,
Q9483,
Q9484,
Q9485,
Q9486,
Q9487,
Q9488,
Q9489,
Q9490,
Q9491,
Q9492,
Q9493,R89540
Q9494,
Q9495,
Q9496,
Q9497,
Q9498,
Q9499,R55494
Q9500,
Q9501,
Q9502,
Q9503,
Q9504,R92128
Q9505,R25098
Q9506,
Q9507,R78770
Q9508,
Q9509,
Q9510,
Q9511,
Q9512,
Q9513,R44903
Q9514,R89340
Q9515,
Q9516,R80844
Q9517,
Q9518,
Q9519,
Q9520,R87471
Q9521,
Q9522,R67434
Q9523,
Q9524,
Q9525,
Q9526,
Q9527,
Q9528,
Q9529,
Q9530,R84514
Q9531,
Q9532,R32834
Q9533,
Q9534,
Q9535,R10011
Q9536,
Q9537,
Q9538,R19981
Q9539,
Q9540,
Q9541,
Q9542,
Q9543,
Q9544,
Q9545,
Q9546,
Q9547,
Q9548,R26698
Q9549,
Q9550,R85799
Q9551,
Q9552,R90936
Q9553,
Q9554,
Q9555,
Q9556,
Q9557,
Q9558,R33371
Q9559,R29379
Q9560,R13037
Q9561,
Q9562,
Q9563,R79173
Q9564,
Q9565,
Q9566,
Q9567,
Q9568,R88571
Q9569,
Q9570,
Q9571,
Q9572,
Q9573,
Q9574,
Q9575,
Q9576,
Q9577,
Q9578,
Q9579,
Q9580,
Q9581,
Q9582,R88671
Q9583,
Q9584,R93128
Q9585,
Q9586,
Q9587,
Q9588,
Q9589,
Q9590,
Q9591,R66184
Q9592,
Q9593,
Q9594,
Q9595,
Q9596,
Q9597,
Q9598,R52458
Q9599,R75647
Q9600,R92191
Q9601,R33721
Q9602,
Q9603,
Q9604,
Q9605,R72495
Q9606,
Q9607,
Q9608,
Q9609,R95010
Q9610,
Q9611,
Q9612,
Q9613,
Q9614,R98257
Q9615,
Q9616,R55544
Q9617,
Q9618,
Q9619,
Q9620,
Q9621,
Q9622,R63321
Q9623,
Q9624,
Q9625,R84664
Q9626,
Q9627,
Q9628,
Q9629,
Q9630,
Q9631,
Q9632,
Q9633,
Q9634,
Q9635,
Q9636,
Q9637,
Q9638,
Q9639,R41380
Q9640,
Q9641,
Q9642,
Q9643,
Q9644,
Q9645,
Q9646,
Q9647,R34895
Q9648,
Q9649,R33471
Q9650,
Q9651,
Q9652,R43554
Q9653,R95605
Q9654,
Q9655,
Q9656,
Q9657,
Q9658,
Q9659,
Q9660,
Q9661,
Q9662,R49554
Q9663,
Q9664,R57901
Q9665,
Q9666,
Q9667,
Q9668,
Q9669,
Q9670,
Q9671,R33084
Q9672,
Q9673,
Q9674,
Q9675,
Q9676,
Q9677,R32934
Q9678,
Q9679,
Q9680,
Q9681,
Q9682,
Q9683,
Q9684,
Q9685,
Q9686,
Q9687,R22602
Q9688,
Q9689,R18794
Q9690,R35882
Q9691,
Q9692,R39861
Q9693,
Q9694,R87019
Q9695,
Q9696,
Q9697,
Q9698,
Q9699,
Q9700,
Q9701,
Q9702,
Q9703,
Q9704,R54944
Q9705,R14337
Q9706,
Q9707,
Q9708,
Q9709,
Q9710,
Q9711,
Q9712,
Q9713,
Q9714,
Q9715,
Q9716,
Q9717,
Q9718,R75697
Q9719,
Q9720,
Q9721,
Q9722,
Q9723,
Q9724,
Q9725,
Q9726,R66234
Q9727,R69704
Q9728,
Q9729,
Q9730,
Q9731,
Q9732,
Q9733,
Q9734,R27626
Q9735,
Q9736,R29726
Q9737,
Q9738,
Q9739,R27832
Q9740,
Q9741,
Q9742,
Q9743,
Q9744,
Q9745,
Q9746,
Q9747,
Q9748,
Q9749,
Q9750,R47014
Q9751,R98474
Q9752,
Q9753,
Q9754,
Q9755,
Q9756,
Q9757,
Q9758,
Q9759,
Q9760,
Q9761,R55865
Q9762,
Q9763,
Q9764,
Q9765,
Q9766,
Q9767,
Q9768,
Q9769,
Q9770,
Q9771,
Q9772,R65153
Q9773,
Q9774,
Q9775,R29222
Q9776,
Q9777,
Q9778,
Q9779,
Q9780,
Q9781,
Q9782,R08057
Q9783,R52386
Q9784,R13437
Q9785,
Q9786,
Q9787,
Q9788,
Q9789,
Q9790,
Q9791,
Q9792,R25298
Q9793,
Q9794,
Q9795,
Q9796,R06557
Q9797,
Q9798,
Q9799,
Q9800,
Q9801,
Q9802,
Q9803,
Q9804,
Q9805,
Q9806,
Q9807,R70773
Q9808,
Q9809,
Q9810,
Q9811,
Q9812,
Q9813,R88371
Q9814,
Q9815,
Q9816,R24898
Q9817,
Q9818,R93452
Q9819,R37530
Q9820,
Q9821,R52036
Q9822,R90434
Q9823,
Q9824,
Q9825,
Q9826,
Q9827,
Q9828,
Q9829,
Q9830,R60624
Q9831,
Q9832,
Q9833,
Q9834,
Q9835,
Q9836,R39461
Q9837,
Q9838,
Q9839,
Q9840,
Q9841,
Q9842,
Q9843,
Q9844,
Q9845,
Q9846,R52731
Q9847,
Q9848,
Q9849,
Q9850,
Q9851,
Q9852,
Q9853,
Q9854,
Q9855,
Q9856,
Q9857,R27676
Q9858,
Q9859,
Q9860,
Q9861,
Q9862,R36476
Q9863,R09255
Q9864,
Q9865,
Q9866,
Q9867,
Q9868,R97228
Q9869,R58867
Q9870,
Q9871,
Q9872,R25448
Q9873,
Q9874,
Q9875,
Q9876,
Q9877,
Q9878,
Q9879,
Q9880,
Q9881,
Q9882,
Q9883,R55194
Q9884,
Q9885,
Q9886,
Q9887,
Q9888,R14237
Q9889,R87921
Q9890,R96628
Q9891,
Q9892,
Q9893,
Q9894,
Q9895,R80794
Q9896,R52508
Q9897,
Q9898,
Q9899,
Q9900,
Q9901,
Q9902,
Q9903,
Q9904,R08479
Q9905,
Q9906,R41230
Q9907,
Q9908,
Q9909,
Q9910,
Q9911,
Q9912,R09455
Q9913,
Q9914,
Q9915,
Q9916,
Q9917,
Q9918,R92773
Q9919,
Q9920,
Q9921,
Q9922,
Q9923,
Q9924,
Q9925,
Q9926,
Q9927,
Q9928,R28069
Q9929,
Q9930,R76250
Q9931,
Q9932,
Q9933,
Q9934,
Q9935,
Q9936,R54994
Q9937,R95227
Q9938,
Q9939,
Q9940,
Q9941,R13737
Q9942,R82541
Q9943,
Q9944,
Q9945,
Q9946,
Q9947,
Q9948,
Q9949,
Q9950,R40011
Q9951,
Q9952,
Q9953,
Q9954,
Q9955,
Q9956,
Q9957,
Q9958,
Q9959,
Q9960,
Q9961,
Q9962,
Q9963,
Q9964,R13786
Q9965,
Q9966,
Q9967,
Q9968,
Q9969,R28419
Q9970,R94960
Q9971,
Q9972,
Q9973,
Q9974,
Q9975,R27426
Q9976,R50297
Q9977,
Q9978,
Q9979,R29479
Q9980,
Q9981,
Q9982,
Q9983,R95805
Q9984,R52186
Q9985,
Q9986,
Q9987,R22469
Q9988,
Q9989,R36475
Q9990,
Q9991,
Q9992,R62802
Q9993,
Q9994,
Q9995,
Q9996,
Q9997,
Q9998,
Q9999,R95327
